time_step,n,illicit,tp,fp,fn,tn,precision,recall,f1
35,1341.0,182.0,152.0,18.0,30.0,1141.0,0.8941176470588236,0.8351648351648352,0.8636363636363636
36,1708.0,33.0,16.0,40.0,17.0,1635.0,0.2857142857142857,0.48484848484848486,0.3595505617977528
37,498.0,40.0,21.0,16.0,19.0,442.0,0.5675675675675675,0.525,0.5454545454545454
38,756.0,111.0,74.0,39.0,37.0,606.0,0.6548672566371682,0.6666666666666666,0.6607142857142857
39,1183.0,81.0,42.0,17.0,39.0,1085.0,0.711864406779661,0.5185185185185185,0.6
40,1211.0,112.0,55.0,7.0,57.0,1092.0,0.8870967741935484,0.49107142857142855,0.632183908045977
41,1132.0,116.0,52.0,33.0,64.0,983.0,0.611764705882353,0.4482758620689655,0.5174129353233831
42,2154.0,239.0,147.0,11.0,92.0,1904.0,0.930379746835443,0.6150627615062761,0.7405541561712846
43,1370.0,24.0,0.0,11.0,24.0,1335.0,0.0,0.0,0.0
44,1591.0,24.0,1.0,14.0,23.0,1553.0,0.06666666666666667,0.041666666666666664,0.05128205128205128
45,1221.0,5.0,0.0,14.0,5.0,1202.0,0.0,0.0,0.0
46,712.0,2.0,0.0,1.0,2.0,709.0,0.0,0.0,0.0
47,846.0,22.0,0.0,1.0,22.0,823.0,0.0,0.0,0.0
48,471.0,36.0,0.0,2.0,36.0,433.0,0.0,0.0,0.0
49,476.0,56.0,0.0,17.0,56.0,403.0,0.0,0.0,0.0
