feature,group,raw_gain,gain_share_pct,raw_shap,shap_share_pct,rank
Aggregate_feature_10,Aggregate,417.3960235595704,36.53913735572669,1.3893816769123077,14.286079508435833,1
Aggregate_feature_43,Aggregate,348.0543609619141,30.468920125282434,3.2558926045894623,33.478158948708426,2
Aggregate_feature_8,Aggregate,321.6131195068359,28.154235511989395,3.1663621962070465,32.55757783422561,3
Aggregate_feature_7,Aggregate,27.388827323913574,2.3976369373771242,0.9262262880802155,9.523763422390743,4
Aggregate_feature_44,Aggregate,2.326611256599426,0.20367316284730588,0.042423526756465435,0.43621265944575477,5
Aggregate_feature_46,Aggregate,2.2554912328720094,0.19744726665031506,0.1819564737379551,1.8709363266341028,6
Local_feature_2,Local,1.6387063026428224,0.14345348613369224,0.03628516953904182,0.37309605101733545,7
Aggregate_feature_55,Aggregate,1.213215923309326,0.10620576326029019,0.022812557173892856,0.2345662181908429,8
Local_feature_88,Local,1.0203243970870972,0.0893199052895233,0.03271676733857021,0.336404565588143,9
Aggregate_feature_31,Aggregate,0.8944045782089234,0.07829679702279788,0.009510533069260418,0.09779042998250083,10
Aggregate_feature_56,Aggregate,0.8926301479339599,0.07814146216600618,0.014237949158996344,0.14639927753655482,11
Aggregate_feature_37,Aggregate,0.8646574795246125,0.07569271537513152,0.00727615860523656,0.07481585663444722,12
Local_feature_53,Local,0.8474588811397552,0.07418713814573899,0.03182420623488724,0.3272269586675669,13
Aggregate_feature_50,Aggregate,0.8401487946510315,0.07354720810516065,0.015675635950174183,0.1611820461222463,14
Local_feature_49,Local,0.8174572944641113,0.07156077844283051,0.0007812691619619727,0.008033266560763943,15
Local_feature_9,Local,0.7025666952133178,0.06150317571076386,0.005189104238525033,0.05335607699525528,16
Aggregate_feature_49,Aggregate,0.6813968300819397,0.059649951036410354,0.07525139767676592,0.773759628614315,17
Aggregate_feature_9,Aggregate,0.6287430763244629,0.05504060491846758,0.0019268572214059532,0.019812579886316295,18
Aggregate_feature_67,Aggregate,0.602798467874527,0.05276939590284681,0.0006925324341864325,0.007120846331401868,19
Local_feature_89,Local,0.5752115488052368,0.05035441787670793,0.0015040175057947636,0.015464802816180718,20
Aggregate_feature_62,Aggregate,0.5745649486780167,0.050297814053170645,0.012231512897415087,0.1257684397776603,21
Aggregate_feature_58,Aggregate,0.5683502644300461,0.049753776284380886,0.042609121184796095,0.4381210024183977,22
Local_feature_1,Local,0.5675718069076539,0.049685629573030556,0.03094434575177729,0.3181799437062253,23
Aggregate_feature_38,Aggregate,0.5364116504788399,0.04695784787049149,0.003462645734543912,0.035604062652657774,24
Aggregate_feature_52,Aggregate,0.520085746049881,0.04552866687518893,0.06903340574353933,0.7098241898381966,25
Aggregate_feature_40,Aggregate,0.474029541015625,0.041496874747705914,0.0004170608735876158,0.004288357115210784,26
Aggregate_feature_32,Aggregate,0.4709641933441162,0.04122853208680289,0.012390500633046031,0.12740320398236574,27
Local_feature_3,Local,0.46373986005783085,0.04059610894103362,0.16830068454146385,1.730523009362591,28
Local_feature_67,Local,0.4115455150604248,0.03602697978453551,0.0005639910232275724,0.0057991412538123755,29
Local_feature_52,Local,0.40314583778381347,0.03529166621078251,0.008468458167044446,0.08707547299538454,30
Local_feature_82,Local,0.3954728841781616,0.034619970531149326,0.00044872163562104106,0.004613903486825794,31
Local_feature_42,Local,0.3739314079284668,0.0327342147617957,0.0011882588732987642,0.012218068672300447,32
Local_feature_4,Local,0.3608963012695312,0.03159311248536393,0.0005161174922250211,0.00530688985765755,33
Aggregate_feature_61,Aggregate,0.3558348655700684,0.03115003089425851,0.003317947732284665,0.03411623018780089,34
Local_feature_70,Local,0.336245346069336,0.029435150772340456,0.0008093332107819151,0.00832183034379966,35
Local_feature_6,Local,0.3242996215820313,0.028389413766671544,0.000284401834505843,0.00292431323056229,36
Local_feature_17,Local,0.3066231369972229,0.026842002047933595,0.010099097969941795,0.10384224792909628,37
Aggregate_feature_70,Aggregate,0.28952960968017577,0.025345622812681226,0.0027774409973062575,0.028558562112094756,38
Local_feature_46,Local,0.2782106399536133,0.02435475235340587,0.001417608349584043,0.014576315443418914,39
Local_feature_16,Local,0.2555806517601013,0.02237370749363567,0.000464393146103248,0.004775043113529122,40
Local_feature_11,Local,0.2396271288394928,0.020977125033811033,0.008109738118946552,0.08338699544198444,41
Local_feature_40,Local,0.22025010585784913,0.01928084700453483,0.017308398557361215,0.17797064842806695,42
Aggregate_feature_13,Aggregate,0.18896478414535522,0.016542108246263537,0.0018013011431321502,0.018521570981568695,43
Local_feature_73,Local,0.1626983642578125,0.014242727634226779,0.0001820979086915031,0.0018723906073585684,44
Local_feature_19,Local,0.16183329820632933,0.014166999152179059,0.004049073380883783,0.04163390464695742,45
Local_feature_47,Local,0.1594602108001709,0.013959257434969353,0.0008390415459871292,0.008627301220418783,46
Aggregate_feature_26,Aggregate,0.1585662841796875,0.013881002478697299,0.0005564886378124356,0.005721999258689938,47
Local_feature_22,Local,0.14875729084014894,0.013022316399471497,0.0007995956693775952,0.008221705739430358,48
Local_feature_59,Local,0.1410379409790039,0.012346559159457848,0.005079384194687009,0.052227899406630016,49
Local_feature_92,Local,0.13767740726470948,0.0120523757076655,0.0003778604732360691,0.0038852857018686466,50
Aggregate_feature_69,Aggregate,0.12696464061737062,0.0111145726863315,0.0003503986226860434,0.0036029139195673816,51
Aggregate_feature_14,Aggregate,0.12414737939834594,0.01086794768552046,0.011342742014676332,0.11662980515581485,52
Aggregate_feature_34,Aggregate,0.12364381551742554,0.010823865354176189,0.000467547622974962,0.00480747848254664,53
Local_feature_18,Local,0.12089064121246337,0.010582850566264793,0.00037570405402220786,0.0038631126900500346,54
Local_feature_91,Local,0.10486542582511901,0.00917999209818523,0.023879451444372535,0.24553637608801612,55
Local_feature_61,Local,0.09015986919403077,0.007892657472777464,0.002613458316773176,0.026872438240569216,56
Aggregate_feature_16,Aggregate,0.08177656531333924,0.007158777237457812,0.013810080476105213,0.14199979097031717,57
Local_feature_41,Local,0.07364628314971924,0.006447046698714604,0.0005455028149299324,0.005609039413477483,58
Aggregate_feature_22,Aggregate,0.059634193778038025,0.005220418678096896,0.015065300278365612,0.15490637394433965,59
Aggregate_feature_64,Aggregate,0.04535854756832123,0.0039707187091077185,0.0066742063499987125,0.06862638550386391,60
Aggregate_feature_1,Aggregate,0.0395740270614624,0.003464337772522281,0.003022554563358426,0.03107890044058024,61
Local_feature_8,Local,0.03558239936828613,0.003114907916171303,0.0021226517856121063,0.0218258040118747,62
Local_feature_55,Local,0.02135164737701416,0.0018691380181977623,0.004845103481784463,0.04981894803823648,63
Aggregate_feature_4,Aggregate,0.017073468863964082,0.0014946233043594658,0.005756275728344917,0.059187920852942985,64
Aggregate_feature_2,Aggregate,0.01531667709350586,0.0013408325344840028,0.005767508409917355,0.059303418980421824,65
Aggregate_feature_45,Aggregate,0.005836844444274902,0.0005109614103521345,0.0020096672233194113,0.02066405957047227,66
Local_feature_10,Local,0.0,0.0,0.0,0.0,67
Local_feature_13,Local,0.0,0.0,0.0,0.0,68
Local_feature_5,Local,0.0,0.0,0.0,0.0,69
Local_feature_37,Local,0.0,0.0,0.0,0.0,70
Local_feature_36,Local,0.0,0.0,0.0,0.0,71
Local_feature_35,Local,0.0,0.0,0.0,0.0,72
Local_feature_34,Local,0.0,0.0,0.0,0.0,73
Local_feature_33,Local,0.0,0.0,0.0,0.0,74
Local_feature_32,Local,0.0,0.0,0.0,0.0,75
Local_feature_31,Local,0.0,0.0,0.0,0.0,76
Local_feature_30,Local,0.0,0.0,0.0,0.0,77
Local_feature_29,Local,0.0,0.0,0.0,0.0,78
Local_feature_28,Local,0.0,0.0,0.0,0.0,79
Local_feature_27,Local,0.0,0.0,0.0,0.0,80
Local_feature_26,Local,0.0,0.0,0.0,0.0,81
Local_feature_25,Local,0.0,0.0,0.0,0.0,82
Local_feature_24,Local,0.0,0.0,0.0,0.0,83
Local_feature_23,Local,0.0,0.0,0.0,0.0,84
Local_feature_21,Local,0.0,0.0,0.0,0.0,85
Local_feature_7,Local,0.0,0.0,0.0,0.0,86
Local_feature_20,Local,0.0,0.0,0.0,0.0,87
Local_feature_15,Local,0.0,0.0,0.0,0.0,88
Local_feature_14,Local,0.0,0.0,0.0,0.0,89
Local_feature_12,Local,0.0,0.0,0.0,0.0,90
Local_feature_69,Local,0.0,0.0,0.0,0.0,91
Local_feature_66,Local,0.0,0.0,0.0,0.0,92
Local_feature_68,Local,0.0,0.0,0.0,0.0,93
Local_feature_50,Local,0.0,0.0,0.0,0.0,94
Local_feature_51,Local,0.0,0.0,0.0,0.0,95
Local_feature_48,Local,0.0,0.0,0.0,0.0,96
Local_feature_39,Local,0.0,0.0,0.0,0.0,97
Local_feature_45,Local,0.0,0.0,0.0,0.0,98
Local_feature_44,Local,0.0,0.0,0.0,0.0,99
Local_feature_43,Local,0.0,0.0,0.0,0.0,100
Local_feature_38,Local,0.0,0.0,0.0,0.0,101
Aggregate_feature_5,Aggregate,0.0,0.0,0.0,0.0,102
Aggregate_feature_6,Aggregate,0.0,0.0,0.0,0.0,103
Aggregate_feature_3,Aggregate,0.0,0.0,0.0,0.0,104
Local_feature_93,Local,0.0,0.0,0.0,0.0,105
Local_feature_86,Local,0.0,0.0,0.0,0.0,106
Local_feature_87,Local,0.0,0.0,0.0,0.0,107
Local_feature_90,Local,0.0,0.0,0.0,0.0,108
Local_feature_72,Local,0.0,0.0,0.0,0.0,109
Local_feature_77,Local,0.0,0.0,0.0,0.0,110
Local_feature_78,Local,0.0,0.0,0.0,0.0,111
Local_feature_80,Local,0.0,0.0,0.0,0.0,112
Local_feature_79,Local,0.0,0.0,0.0,0.0,113
Local_feature_81,Local,0.0,0.0,0.0,0.0,114
Local_feature_83,Local,0.0,0.0,0.0,0.0,115
Local_feature_84,Local,0.0,0.0,0.0,0.0,116
Local_feature_85,Local,0.0,0.0,0.0,0.0,117
Local_feature_71,Local,0.0,0.0,0.0,0.0,118
Local_feature_76,Local,0.0,0.0,0.0,0.0,119
Local_feature_75,Local,0.0,0.0,0.0,0.0,120
Local_feature_74,Local,0.0,0.0,0.0,0.0,121
Local_feature_57,Local,0.0,0.0,0.0,0.0,122
Local_feature_56,Local,0.0,0.0,0.0,0.0,123
Local_feature_58,Local,0.0,0.0,0.0,0.0,124
Local_feature_54,Local,0.0,0.0,0.0,0.0,125
Local_feature_60,Local,0.0,0.0,0.0,0.0,126
Local_feature_62,Local,0.0,0.0,0.0,0.0,127
Local_feature_64,Local,0.0,0.0,0.0,0.0,128
Local_feature_63,Local,0.0,0.0,0.0,0.0,129
Local_feature_65,Local,0.0,0.0,0.0,0.0,130
Aggregate_feature_15,Aggregate,0.0,0.0,0.0,0.0,131
Aggregate_feature_12,Aggregate,0.0,0.0,0.0,0.0,132
Aggregate_feature_11,Aggregate,0.0,0.0,0.0,0.0,133
Aggregate_feature_39,Aggregate,0.0,0.0,0.0,0.0,134
Aggregate_feature_33,Aggregate,0.0,0.0,0.0,0.0,135
Aggregate_feature_35,Aggregate,0.0,0.0,0.0,0.0,136
Aggregate_feature_36,Aggregate,0.0,0.0,0.0,0.0,137
Aggregate_feature_28,Aggregate,0.0,0.0,0.0,0.0,138
Aggregate_feature_27,Aggregate,0.0,0.0,0.0,0.0,139
Aggregate_feature_30,Aggregate,0.0,0.0,0.0,0.0,140
Aggregate_feature_29,Aggregate,0.0,0.0,0.0,0.0,141
Aggregate_feature_25,Aggregate,0.0,0.0,0.0,0.0,142
Aggregate_feature_17,Aggregate,0.0,0.0,0.0,0.0,143
Aggregate_feature_19,Aggregate,0.0,0.0,0.0,0.0,144
Aggregate_feature_18,Aggregate,0.0,0.0,0.0,0.0,145
Aggregate_feature_20,Aggregate,0.0,0.0,0.0,0.0,146
Aggregate_feature_21,Aggregate,0.0,0.0,0.0,0.0,147
Aggregate_feature_23,Aggregate,0.0,0.0,0.0,0.0,148
Aggregate_feature_24,Aggregate,0.0,0.0,0.0,0.0,149
Aggregate_feature_53,Aggregate,0.0,0.0,0.0,0.0,150
Aggregate_feature_54,Aggregate,0.0,0.0,0.0,0.0,151
Aggregate_feature_51,Aggregate,0.0,0.0,0.0,0.0,152
Aggregate_feature_48,Aggregate,0.0,0.0,0.0,0.0,153
Aggregate_feature_41,Aggregate,0.0,0.0,0.0,0.0,154
Aggregate_feature_42,Aggregate,0.0,0.0,0.0,0.0,155
Aggregate_feature_47,Aggregate,0.0,0.0,0.0,0.0,156
Aggregate_feature_60,Aggregate,0.0,0.0,0.0,0.0,157
Aggregate_feature_63,Aggregate,0.0,0.0,0.0,0.0,158
Aggregate_feature_57,Aggregate,0.0,0.0,0.0,0.0,159
Aggregate_feature_59,Aggregate,0.0,0.0,0.0,0.0,160
Aggregate_feature_65,Aggregate,0.0,0.0,0.0,0.0,161
Aggregate_feature_68,Aggregate,0.0,0.0,0.0,0.0,162
Aggregate_feature_66,Aggregate,0.0,0.0,0.0,0.0,163
Aggregate_feature_71,Aggregate,0.0,0.0,0.0,0.0,164
Aggregate_feature_72,Aggregate,0.0,0.0,0.0,0.0,165
