check,passed,value,expected,note
features: total columns,True,182,182,
features: domain columns excluded,True,17,17,
features: model features,True,165,165,
features: local features,True,93,93,
features: aggregate features,True,72,72,
labels: transaction rows,True,203769,203769,
split: train rows (1-34 labeled),False,29894,38985,
split: test rows (35-49 labeled),True,16670,16670,
split: test early rows (35-42 labeled),True,9983,9983,
split: test drift rows (43-49 labeled),True,6687,6687,
adversarial: balanced sample size,True,13374,13374,
adversarial: positive drift count,True,6687,6687,
adversarial: AUC reproduced >= 0.99,True,True,True,
leak_audit: all eta2 between 0 and 1,True,True,True,
concentration: calculated for 165 features,True,165,165,
loo: all 9 configurations evaluated,True,9,9,
per_step: all 15 test steps evaluated,True,15,15,
