feature,group,fraud_gain_share_pct,adversarial_gain_share_pct,adversarial_shap_share_pct,quadrant
Local_feature_53,Local,8.606792846132397,0.07418713814573899,0.3272269586675669,HIGH_FRAUD_HIGH_DRIFT
Local_feature_46,Local,7.856591296166695,0.02435475235340587,0.014576315443418914,HIGH_FRAUD_HIGH_DRIFT
Local_feature_5,Local,6.368781069773316,0.0,0.0,HIGH_FRAUD_HIGH_DRIFT
Aggregate_feature_7,Aggregate,5.336421213541947,2.3976369373771242,9.523763422390743,HIGH_FRAUD_HIGH_DRIFT
Local_feature_90,Local,3.997606478333123,0.0,0.0,HIGH_FRAUD_HIGH_DRIFT
Local_feature_14,Local,3.507867224422739,0.0,0.0,HIGH_FRAUD_HIGH_DRIFT
Aggregate_feature_70,Aggregate,3.210001987815303,0.025345622812681226,0.028558562112094756,HIGH_FRAUD_HIGH_DRIFT
Local_feature_22,Local,3.1319629223436354,0.013022316399471497,0.008221705739430358,HIGH_FRAUD_HIGH_DRIFT
Local_feature_61,Local,2.6003481886150004,0.007892657472777464,0.026872438240569216,HIGH_FRAUD_HIGH_DRIFT
Local_feature_59,Local,2.4511488958631555,0.012346559159457848,0.052227899406630016,HIGH_FRAUD_HIGH_DRIFT
Local_feature_40,Local,2.3733072084136784,0.01928084700453483,0.17797064842806695,HIGH_FRAUD_HIGH_DRIFT
Local_feature_18,Local,2.1082968477740716,0.010582850566264793,0.0038631126900500346,HIGH_FRAUD_HIGH_DRIFT
Local_feature_41,Local,1.9885471734750748,0.006447046698714604,0.005609039413477483,HIGH_FRAUD_HIGH_DRIFT
Local_feature_81,Local,1.9662097820190487,0.0,0.0,HIGH_FRAUD_HIGH_DRIFT
Local_feature_55,Local,1.8728320694580618,0.0018691380181977623,0.04981894803823648,HIGH_FRAUD_HIGH_DRIFT
Aggregate_feature_68,Aggregate,1.5468341384698947,0.0,0.0,HIGH_FRAUD_HIGH_DRIFT
Aggregate_feature_43,Aggregate,1.5329228809631386,30.468920125282434,33.478158948708426,HIGH_FRAUD_HIGH_DRIFT
Local_feature_23,Local,1.405492495925894,0.0,0.0,HIGH_FRAUD_HIGH_DRIFT
Aggregate_feature_10,Aggregate,1.3654080172734908,36.53913735572669,14.286079508435833,HIGH_FRAUD_HIGH_DRIFT
Local_feature_47,Local,1.3345152423546507,0.013959257434969353,0.008627301220418783,HIGH_FRAUD_HIGH_DRIFT
Local_feature_65,Local,1.3048889764115292,0.0,0.0,HIGH_FRAUD_HIGH_DRIFT
Local_feature_76,Local,1.3021432028602355,0.0,0.0,HIGH_FRAUD_HIGH_DRIFT
Local_feature_80,Local,1.1292098842251332,0.0,0.0,HIGH_FRAUD_HIGH_DRIFT
Aggregate_feature_66,Aggregate,1.0298226532429717,0.0,0.0,HIGH_FRAUD_HIGH_DRIFT
Local_feature_49,Local,0.8601432495072172,0.07156077844283051,0.008033266560763943,HIGH_FRAUD_HIGH_DRIFT
Local_feature_37,Local,0.8287858381594149,0.0,0.0,HIGH_FRAUD_HIGH_DRIFT
Aggregate_feature_39,Aggregate,0.8086534258856991,0.0,0.0,HIGH_FRAUD_HIGH_DRIFT
Aggregate_feature_67,Aggregate,0.7266756566763559,0.05276939590284681,0.007120846331401868,HIGH_FRAUD_HIGH_DRIFT
Local_feature_67,Local,0.6920461790479738,0.03602697978453551,0.0057991412538123755,HIGH_FRAUD_HIGH_DRIFT
Local_feature_2,Local,0.6749211051355296,0.14345348613369224,0.37309605101733545,HIGH_FRAUD_HIGH_DRIFT
Aggregate_feature_65,Aggregate,0.6346416329587392,0.0,0.0,HIGH_FRAUD_HIGH_DRIFT
Local_feature_20,Local,0.6249422258461063,0.0,0.0,HIGH_FRAUD_HIGH_DRIFT
Local_feature_29,Local,0.6004648206070856,0.0,0.0,HIGH_FRAUD_HIGH_DRIFT
Local_feature_35,Local,0.5815086470351335,0.0,0.0,HIGH_FRAUD_HIGH_DRIFT
Aggregate_feature_32,Aggregate,0.5775939342651453,0.04122853208680289,0.12740320398236574,HIGH_FRAUD_HIGH_DRIFT
Local_feature_16,Local,0.5763185685833023,0.02237370749363567,0.004775043113529122,HIGH_FRAUD_HIGH_DRIFT
Local_feature_68,Local,0.5429382271609346,0.0,0.0,HIGH_FRAUD_HIGH_DRIFT
Local_feature_58,Local,0.5023845864000667,0.0,0.0,HIGH_FRAUD_HIGH_DRIFT
Local_feature_7,Local,0.4284207736626884,0.0,0.0,HIGH_FRAUD_HIGH_DRIFT
Local_feature_62,Local,0.42356408693423575,0.0,0.0,HIGH_FRAUD_HIGH_DRIFT
Local_feature_3,Local,0.40948625522384136,0.04059610894103362,1.730523009362591,HIGH_FRAUD_HIGH_DRIFT
Local_feature_13,Local,0.4008327910401879,0.0,0.0,HIGH_FRAUD_HIGH_DRIFT
Aggregate_feature_34,Aggregate,0.397044675638229,0.010823865354176189,0.00480747848254664,HIGH_FRAUD_HIGH_DRIFT
Local_feature_86,Local,0.39567497630352233,0.0,0.0,HIGH_FRAUD_HIGH_DRIFT
Aggregate_feature_8,Aggregate,0.35631292749047355,28.154235511989395,32.55757783422561,HIGH_FRAUD_HIGH_DRIFT
Aggregate_feature_61,Aggregate,0.3433671726092746,0.03115003089425851,0.03411623018780089,HIGH_FRAUD_HIGH_DRIFT
Local_feature_34,Local,0.3405661176395372,0.0,0.0,HIGH_FRAUD_HIGH_DRIFT
Local_feature_1,Local,0.32888594713286845,0.049685629573030556,0.3181799437062253,HIGH_FRAUD_HIGH_DRIFT
Local_feature_43,Local,0.30484466167561963,0.0,0.0,HIGH_FRAUD_HIGH_DRIFT
Local_feature_6,Local,0.30062332195350633,0.028389413766671544,0.00292431323056229,HIGH_FRAUD_HIGH_DRIFT
Local_feature_89,Local,0.3003916850241118,0.05035441787670793,0.015464802816180718,HIGH_FRAUD_HIGH_DRIFT
Local_feature_48,Local,0.29949978551950185,0.0,0.0,HIGH_FRAUD_HIGH_DRIFT
Aggregate_feature_69,Aggregate,0.2978552119840211,0.0111145726863315,0.0036029139195673816,HIGH_FRAUD_HIGH_DRIFT
Local_feature_54,Local,0.28876078602815985,0.0,0.0,HIGH_FRAUD_HIGH_DRIFT
Local_feature_42,Local,0.28832179511638084,0.0327342147617957,0.012218068672300447,HIGH_FRAUD_HIGH_DRIFT
Aggregate_feature_46,Aggregate,0.2853049674271192,0.19744726665031506,1.8709363266341028,HIGH_FRAUD_HIGH_DRIFT
Local_feature_73,Local,0.28324011398812665,0.014242727634226779,0.0018723906073585684,HIGH_FRAUD_HIGH_DRIFT
Aggregate_feature_6,Aggregate,0.2807098455086447,0.0,0.0,HIGH_FRAUD_HIGH_DRIFT
Aggregate_feature_26,Aggregate,0.2693649645909525,0.013881002478697299,0.005721999258689938,HIGH_FRAUD_HIGH_DRIFT
Local_feature_71,Local,0.26689387058755115,0.0,0.0,HIGH_FRAUD_HIGH_DRIFT
Aggregate_feature_72,Aggregate,0.2659754252961798,0.0,0.0,HIGH_FRAUD_HIGH_DRIFT
Local_feature_4,Local,0.26410697661496796,0.03159311248536393,0.00530688985765755,HIGH_FRAUD_HIGH_DRIFT
Local_feature_36,Local,0.2530142928373151,0.0,0.0,HIGH_FRAUD_HIGH_DRIFT
Local_feature_24,Local,0.24933002474782007,0.0,0.0,HIGH_FRAUD_HIGH_DRIFT
Local_feature_77,Local,0.2485276899004687,0.0,0.0,HIGH_FRAUD_HIGH_DRIFT
Local_feature_8,Local,0.24768464826920167,0.003114907916171303,0.0218258040118747,HIGH_FRAUD_HIGH_DRIFT
Aggregate_feature_28,Aggregate,0.23830018951939264,0.0,0.0,HIGH_FRAUD_HIGH_DRIFT
Aggregate_feature_49,Aggregate,0.2363454609483034,0.059649951036410354,0.773759628614315,HIGH_FRAUD_HIGH_DRIFT
Local_feature_9,Local,0.23475655813703003,0.06150317571076386,0.05335607699525528,HIGH_FRAUD_HIGH_DRIFT
Aggregate_feature_9,Aggregate,0.23325181836554404,0.05504060491846758,0.019812579886316295,HIGH_FRAUD_HIGH_DRIFT
Aggregate_feature_56,Aggregate,0.23050417128026263,0.07814146216600618,0.14639927753655482,HIGH_FRAUD_HIGH_DRIFT
Aggregate_feature_59,Aggregate,0.2293089052592986,0.0,0.0,HIGH_FRAUD_HIGH_DRIFT
Local_feature_72,Local,0.22203022571688985,0.0,0.0,HIGH_FRAUD_HIGH_DRIFT
Local_feature_70,Local,0.22044881704156746,0.029435150772340456,0.00832183034379966,HIGH_FRAUD_HIGH_DRIFT
Local_feature_52,Local,0.2198138836726021,0.03529166621078251,0.08707547299538454,HIGH_FRAUD_HIGH_DRIFT
Local_feature_82,Local,0.21835423037487325,0.034619970531149326,0.004613903486825794,HIGH_FRAUD_HIGH_DRIFT
Local_feature_31,Local,0.21507868467403046,0.0,0.0,HIGH_FRAUD_HIGH_DRIFT
Local_feature_85,Local,0.21278555206785515,0.0,0.0,HIGH_FRAUD_HIGH_DRIFT
Aggregate_feature_44,Aggregate,0.21159666092877152,0.20367316284730588,0.43621265944575477,HIGH_FRAUD_HIGH_DRIFT
Aggregate_feature_30,Aggregate,0.19776045427377137,0.0,0.0,HIGH_FRAUD_HIGH_DRIFT
Aggregate_feature_1,Aggregate,0.19320047936627482,0.003464337772522281,0.03107890044058024,HIGH_FRAUD_HIGH_DRIFT
Aggregate_feature_60,Aggregate,0.19234544225116415,0.0,0.0,HIGH_FRAUD_HIGH_DRIFT
Local_feature_64,Local,0.19182227613379263,0.0,0.0,HIGH_FRAUD_HIGH_DRIFT
Local_feature_30,Local,0.1915273405203834,0.0,0.0,LOW_FRAUD_HIGH_DRIFT
Aggregate_feature_47,Aggregate,0.18986353284701538,0.0,0.0,LOW_FRAUD_HIGH_DRIFT
Aggregate_feature_71,Aggregate,0.18846034105082643,0.0,0.0,LOW_FRAUD_HIGH_DRIFT
Aggregate_feature_64,Aggregate,0.18841259026574902,0.0039707187091077185,0.06862638550386391,LOW_FRAUD_HIGH_DRIFT
Aggregate_feature_31,Aggregate,0.18775836192987083,0.07829679702279788,0.09779042998250083,LOW_FRAUD_HIGH_DRIFT
Aggregate_feature_55,Aggregate,0.18384063204021397,0.10620576326029019,0.2345662181908429,LOW_FRAUD_HIGH_DRIFT
Aggregate_feature_27,Aggregate,0.18115268256063316,0.0,0.0,LOW_FRAUD_HIGH_DRIFT
Local_feature_25,Local,0.17700709930697262,0.0,0.0,LOW_FRAUD_HIGH_DRIFT
Aggregate_feature_33,Aggregate,0.175794776827237,0.0,0.0,LOW_FRAUD_HIGH_DRIFT
Aggregate_feature_20,Aggregate,0.17462739483159714,0.0,0.0,LOW_FRAUD_HIGH_DRIFT
Aggregate_feature_62,Aggregate,0.1737386949337325,0.050297814053170645,0.1257684397776603,LOW_FRAUD_HIGH_DRIFT
Local_feature_17,Local,0.16977334808285455,0.026842002047933595,0.10384224792909628,LOW_FRAUD_HIGH_DRIFT
Local_feature_92,Local,0.16870227060050708,0.0120523757076655,0.0038852857018686466,LOW_FRAUD_HIGH_DRIFT
Local_feature_10,Local,0.16629786954074763,0.0,0.0,LOW_FRAUD_HIGH_DRIFT
Local_feature_56,Local,0.16178674034078888,0.0,0.0,LOW_FRAUD_HIGH_DRIFT
Local_feature_91,Local,0.16171374551009732,0.00917999209818523,0.24553637608801612,LOW_FRAUD_HIGH_DRIFT
Local_feature_78,Local,0.15957032530167042,0.0,0.0,LOW_FRAUD_HIGH_DRIFT
Local_feature_74,Local,0.15774131816064227,0.0,0.0,LOW_FRAUD_HIGH_DRIFT
Aggregate_feature_51,Aggregate,0.14831348831559735,0.0,0.0,LOW_FRAUD_HIGH_DRIFT
Aggregate_feature_53,Aggregate,0.1470624055807645,0.0,0.0,LOW_FRAUD_HIGH_DRIFT
Aggregate_feature_13,Aggregate,0.14184473508293194,0.016542108246263537,0.018521570981568695,LOW_FRAUD_HIGH_DRIFT
Aggregate_feature_45,Aggregate,0.1417455472738272,0.0005109614103521345,0.02066405957047227,LOW_FRAUD_HIGH_DRIFT
Local_feature_66,Local,0.1365425974001841,0.0,0.0,LOW_FRAUD_HIGH_DRIFT
Aggregate_feature_21,Aggregate,0.13497668796057857,0.0,0.0,LOW_FRAUD_HIGH_DRIFT
Local_feature_19,Local,0.13216118001436425,0.014166999152179059,0.04163390464695742,LOW_FRAUD_HIGH_DRIFT
Local_feature_79,Local,0.13121769749606563,0.0,0.0,LOW_FRAUD_HIGH_DRIFT
Aggregate_feature_16,Aggregate,0.13041847709482376,0.007158777237457812,0.14199979097031717,LOW_FRAUD_HIGH_DRIFT
Aggregate_feature_29,Aggregate,0.12745874352896805,0.0,0.0,LOW_FRAUD_HIGH_DRIFT
Local_feature_45,Local,0.12674785903866806,0.0,0.0,LOW_FRAUD_HIGH_DRIFT
Aggregate_feature_5,Aggregate,0.12608195152987922,0.0,0.0,LOW_FRAUD_HIGH_DRIFT
Local_feature_60,Local,0.12526455541579515,0.0,0.0,LOW_FRAUD_HIGH_DRIFT
Local_feature_83,Local,0.1251863171230989,0.0,0.0,LOW_FRAUD_HIGH_DRIFT
Aggregate_feature_37,Aggregate,0.12485419064345232,0.07569271537513152,0.07481585663444722,LOW_FRAUD_HIGH_DRIFT
Aggregate_feature_12,Aggregate,0.12259761628164838,0.0,0.0,LOW_FRAUD_HIGH_DRIFT
Aggregate_feature_52,Aggregate,0.12246275833194573,0.04552866687518893,0.7098241898381966,LOW_FRAUD_HIGH_DRIFT
Aggregate_feature_50,Aggregate,0.11844849277869929,0.07354720810516065,0.1611820461222463,LOW_FRAUD_HIGH_DRIFT
Aggregate_feature_11,Aggregate,0.11507118011806738,0.0,0.0,LOW_FRAUD_HIGH_DRIFT
Local_feature_12,Local,0.11396383637067135,0.0,0.0,LOW_FRAUD_HIGH_DRIFT
Local_feature_11,Local,0.11279728164977933,0.020977125033811033,0.08338699544198444,LOW_FRAUD_HIGH_DRIFT
Aggregate_feature_35,Aggregate,0.11248305106945729,0.0,0.0,LOW_FRAUD_HIGH_DRIFT
Aggregate_feature_2,Aggregate,0.11051674065189832,0.0013408325344840028,0.059303418980421824,LOW_FRAUD_HIGH_DRIFT
Aggregate_feature_58,Aggregate,0.10958692033274414,0.049753776284380886,0.4381210024183977,LOW_FRAUD_HIGH_DRIFT
Local_feature_57,Local,0.10913727217568413,0.0,0.0,LOW_FRAUD_HIGH_DRIFT
Aggregate_feature_38,Aggregate,0.10898634319742423,0.04695784787049149,0.035604062652657774,LOW_FRAUD_HIGH_DRIFT
Aggregate_feature_14,Aggregate,0.10773380056597756,0.01086794768552046,0.11662980515581485,LOW_FRAUD_HIGH_DRIFT
Aggregate_feature_19,Aggregate,0.10470112083265073,0.0,0.0,LOW_FRAUD_HIGH_DRIFT
Local_feature_38,Local,0.1040618686028694,0.0,0.0,LOW_FRAUD_HIGH_DRIFT
Local_feature_28,Local,0.10353029591416325,0.0,0.0,LOW_FRAUD_HIGH_DRIFT
Aggregate_feature_40,Aggregate,0.1031574504847959,0.041496874747705914,0.004288357115210784,LOW_FRAUD_HIGH_DRIFT
Aggregate_feature_22,Aggregate,0.1016588666106982,0.005220418678096896,0.15490637394433965,LOW_FRAUD_HIGH_DRIFT
Local_feature_75,Local,0.10059326982355515,0.0,0.0,LOW_FRAUD_HIGH_DRIFT
Aggregate_feature_23,Aggregate,0.09768097073184383,0.0,0.0,LOW_FRAUD_HIGH_DRIFT
Local_feature_88,Local,0.09665641528825712,0.0893199052895233,0.336404565588143,LOW_FRAUD_HIGH_DRIFT
Aggregate_feature_54,Aggregate,0.09319040782543243,0.0,0.0,LOW_FRAUD_HIGH_DRIFT
Local_feature_26,Local,0.09308042894719049,0.0,0.0,LOW_FRAUD_HIGH_DRIFT
Aggregate_feature_3,Aggregate,0.09093534202346278,0.0,0.0,LOW_FRAUD_HIGH_DRIFT
Aggregate_feature_36,Aggregate,0.09041195083869663,0.0,0.0,LOW_FRAUD_HIGH_DRIFT
Aggregate_feature_4,Aggregate,0.08972003283857136,0.0014946233043594658,0.059187920852942985,LOW_FRAUD_HIGH_DRIFT
Local_feature_50,Local,0.08421951953761411,0.0,0.0,LOW_FRAUD_HIGH_DRIFT
Aggregate_feature_15,Aggregate,0.08354230391297061,0.0,0.0,LOW_FRAUD_HIGH_DRIFT
Local_feature_32,Local,0.07863825570520433,0.0,0.0,LOW_FRAUD_HIGH_DRIFT
Aggregate_feature_63,Aggregate,0.07745548396609366,0.0,0.0,LOW_FRAUD_HIGH_DRIFT
Aggregate_feature_25,Aggregate,0.07663491865977708,0.0,0.0,LOW_FRAUD_HIGH_DRIFT
Local_feature_44,Local,0.07147096627443092,0.0,0.0,LOW_FRAUD_HIGH_DRIFT
Local_feature_84,Local,0.06702442533382909,0.0,0.0,LOW_FRAUD_HIGH_DRIFT
Local_feature_51,Local,0.06640548999859025,0.0,0.0,LOW_FRAUD_HIGH_DRIFT
Aggregate_feature_18,Aggregate,0.06566173958577141,0.0,0.0,LOW_FRAUD_HIGH_DRIFT
Aggregate_feature_17,Aggregate,0.06175890064157564,0.0,0.0,LOW_FRAUD_HIGH_DRIFT
Aggregate_feature_24,Aggregate,0.053087236413469685,0.0,0.0,LOW_FRAUD_HIGH_DRIFT
Aggregate_feature_57,Aggregate,0.0521493197510113,0.0,0.0,LOW_FRAUD_HIGH_DRIFT
Aggregate_feature_42,Aggregate,0.04915388258859356,0.0,0.0,LOW_FRAUD_HIGH_DRIFT
Local_feature_27,Local,0.04250116717532902,0.0,0.0,LOW_FRAUD_HIGH_DRIFT
Aggregate_feature_48,Aggregate,0.03614333567080199,0.0,0.0,LOW_FRAUD_HIGH_DRIFT
Local_feature_21,Local,0.03571326533562372,0.0,0.0,LOW_FRAUD_HIGH_DRIFT
Local_feature_33,Local,0.03158222021907591,0.0,0.0,LOW_FRAUD_HIGH_DRIFT
Aggregate_feature_41,Aggregate,0.02781664805399562,0.0,0.0,LOW_FRAUD_HIGH_DRIFT
Local_feature_63,Local,0.027258240640656475,0.0,0.0,LOW_FRAUD_HIGH_DRIFT
Local_feature_87,Local,0.018389747372316377,0.0,0.0,LOW_FRAUD_HIGH_DRIFT
Local_feature_93,Local,0.014992093485531764,0.0,0.0,LOW_FRAUD_HIGH_DRIFT
Local_feature_69,Local,0.011311233342194664,0.0,0.0,LOW_FRAUD_HIGH_DRIFT
Local_feature_15,Local,0.0,0.0,0.0,LOW_FRAUD_HIGH_DRIFT
Local_feature_39,Local,0.0,0.0,0.0,LOW_FRAUD_HIGH_DRIFT
