drift_metric,spearman_rho_with_rgcn_pr_auc,p_value,n_steps
new_addresses,-0.15714285714285714,0.5759526006037947,15
cumulative_mean_degree,-0.12142857142857141,0.6664011137233894,15
tx_with_seen_address_frac,0.035714285714285705,0.8994469934720875,15
tx_with_historical_path_frac,0.035714285714285705,0.8994469934720875,15
mean_step_address_degree,0.15714285714285714,0.5759526006037947,15
feature_drift_l2,0.2071428571428571,0.4588428049634703,15
recurring_addresses,0.22499999999999998,0.420104686907635,15
tx_components,0.5785714285714285,0.02384665876299661,15
largest_component_share,0.5785714285714285,0.02384665876299661,15
prevalence,0.682142857142857,0.0050863264689772515,15
