time_step,context_group,n,illicit,prevalence,pr_auc
35,seen_address_context,608,3,0.004934210526315789,0.8055555555555556
35,unseen_address_context,724,179,0.2472375690607735,0.9320972136894495
36,seen_address_context,673,2,0.0029717682020802376,1.0
36,unseen_address_context,923,31,0.03358613217768147,0.6908382350223649
37,seen_address_context,290,2,0.006896551724137931,0.1388888888888889
37,unseen_address_context,156,38,0.24358974358974358,0.8218768422905675
38,seen_address_context,406,4,0.009852216748768473,0.36250000000000004
38,unseen_address_context,341,107,0.31378299120234604,0.8858653174616837
39,seen_address_context,663,0,0.0,
39,unseen_address_context,488,81,0.16598360655737704,0.9105434420171918
40,seen_address_context,381,4,0.010498687664041995,0.2076014832162373
40,unseen_address_context,827,108,0.13059250302297462,0.7250436476025368
41,seen_address_context,483,0,0.0,
41,unseen_address_context,644,116,0.18012422360248448,0.8237917837588862
42,seen_address_context,833,5,0.006002400960384154,0.114281425891182
42,unseen_address_context,1309,234,0.1787624140565317,0.8481149677073063
43,seen_address_context,362,4,0.011049723756906077,0.2520032051282051
43,unseen_address_context,965,20,0.02072538860103627,0.05728317847026351
44,seen_address_context,488,1,0.0020491803278688526,0.017543859649122806
44,unseen_address_context,1090,23,0.02110091743119266,0.09212631842562631
45,seen_address_context,579,0,0.0,
45,unseen_address_context,619,5,0.008077544426494346,0.02103747469232844
46,seen_address_context,421,0,0.0,
46,unseen_address_context,290,2,0.006896551724137931,0.009169407894736841
47,seen_address_context,499,4,0.008016032064128256,0.75
47,unseen_address_context,337,18,0.05341246290801187,0.11071810632149479
48,seen_address_context,262,5,0.019083969465648856,0.5278099972383319
48,unseen_address_context,209,31,0.14832535885167464,0.549542668096706
49,seen_address_context,296,12,0.04054054054054054,0.7981269400677297
49,unseen_address_context,180,44,0.24444444444444444,0.5894837603977244
