time_step,n_labeled,illicit,licit,prevalence
35,1341,182,1159,0.13571961222967935
36,1708,33,1675,0.019320843091334895
37,498,40,458,0.08032128514056225
38,756,111,645,0.14682539682539683
39,1183,81,1102,0.06846999154691462
40,1211,112,1099,0.09248554913294797
41,1132,116,1016,0.10247349823321555
42,2154,239,1915,0.11095636025998143
43,1370,24,1346,0.017518248175182483
44,1591,24,1567,0.01508485229415462
45,1221,5,1216,0.004095004095004095
46,712,2,710,0.0028089887640449437
47,846,22,824,0.026004728132387706
48,471,36,435,0.07643312101910828
49,476,56,420,0.11764705882352941
