time_step,model,n,illicit,licit,prevalence,pr_auc,pr_auc_reason,roc_auc,threshold,precision,recall,f1,tp,fp,tn,fn
35,XGBoost (frozen),1341,182,1159,0.13571961222967935,0.9934492489140706,,0.9977481534858584,0.435,0.9417989417989417,0.978021978021978,0.9595687331536388,178,11,1148,4
35,GraphSAGE (frozen),1341,182,1159,0.13571961222967935,0.9262124519231669,,0.9791550123733039,0.83,0.8941176470588236,0.8351648351648352,0.8636363636363636,152,18,1141,30
35,HeteroRGCN (frozen),1341,182,1159,0.13571961222967935,0.7885876163081061,,0.9588362457214916,0.795,0.8515625,0.5989010989010989,0.7032258064516129,109,19,1140,73
36,XGBoost (frozen),1708,33,1675,0.019320843091334895,0.9946969696969696,,0.9998733604703754,0.435,0.717391304347826,1.0,0.8354430379746836,33,13,1662,0
36,GraphSAGE (frozen),1708,33,1675,0.019320843091334895,0.3394863201368764,,0.9230212573496156,0.83,0.2857142857142857,0.48484848484848486,0.3595505617977528,16,40,1635,17
36,HeteroRGCN (frozen),1708,33,1675,0.019320843091334895,0.3527524175097255,,0.9172862957937585,0.795,0.42105263157894735,0.48484848484848486,0.4507042253521127,16,22,1653,17
37,XGBoost (frozen),498,40,458,0.08032128514056225,0.8902627316717997,,0.9819868995633187,0.435,0.9655172413793104,0.7,0.8115942028985508,28,1,457,12
37,GraphSAGE (frozen),498,40,458,0.08032128514056225,0.625274326872415,,0.9102893013100436,0.83,0.5675675675675675,0.525,0.5454545454545454,21,16,442,19
37,HeteroRGCN (frozen),498,40,458,0.08032128514056225,0.621685855158857,,0.9295578602620087,0.795,0.6,0.45,0.5142857142857142,18,12,446,22
38,XGBoost (frozen),756,111,645,0.14682539682539683,0.9532990975540012,,0.9774984286612194,0.435,0.926605504587156,0.9099099099099099,0.9181818181818182,101,8,637,10
38,GraphSAGE (frozen),756,111,645,0.14682539682539683,0.7276608856149704,,0.8981842307423702,0.83,0.6548672566371682,0.6666666666666666,0.6607142857142857,74,39,606,37
38,HeteroRGCN (frozen),756,111,645,0.14682539682539683,0.764995958158911,,0.928626300719324,0.795,0.8470588235294118,0.6486486486486487,0.7346938775510204,72,13,632,39
39,XGBoost (frozen),1183,81,1102,0.06846999154691462,0.9609142970134654,,0.9898052922856311,0.435,0.8837209302325582,0.9382716049382716,0.9101796407185628,76,10,1092,5
39,GraphSAGE (frozen),1183,81,1102,0.06846999154691462,0.6738995793573566,,0.9561403508771928,0.83,0.711864406779661,0.5185185185185185,0.6,42,17,1085,39
39,HeteroRGCN (frozen),1183,81,1102,0.06846999154691462,0.5105139408981914,,0.9052340301584101,0.795,0.6612903225806451,0.5061728395061729,0.5734265734265734,41,21,1081,40
40,XGBoost (frozen),1211,112,1099,0.09248554913294797,0.7680780113228218,,0.8926784089431951,0.435,0.8941176470588236,0.6785714285714286,0.7715736040609137,76,9,1090,36
40,GraphSAGE (frozen),1211,112,1099,0.09248554913294797,0.7013238944465485,,0.8900217730404264,0.83,0.8870967741935484,0.49107142857142855,0.632183908045977,55,7,1092,57
40,HeteroRGCN (frozen),1211,112,1099,0.09248554913294797,0.5047416868311441,,0.8621149096581308,0.795,0.6811594202898551,0.41964285714285715,0.5193370165745856,47,22,1077,65
41,XGBoost (frozen),1132,116,1016,0.10247349823321555,0.9641370841281605,,0.9837513575889221,0.435,0.9401709401709402,0.9482758620689655,0.944206008583691,110,7,1009,6
41,GraphSAGE (frozen),1132,116,1016,0.10247349823321555,0.6012183188032689,,0.8835612951398317,0.83,0.611764705882353,0.4482758620689655,0.5174129353233831,52,33,983,64
41,HeteroRGCN (frozen),1132,116,1016,0.10247349823321555,0.500203683304242,,0.866506584306272,0.795,0.684931506849315,0.43103448275862066,0.5291005291005291,50,23,993,66
42,XGBoost (frozen),2154,239,1915,0.11095636025998143,0.8936254728861084,,0.9619956957295958,0.435,0.897196261682243,0.803347280334728,0.847682119205298,192,22,1893,47
42,GraphSAGE (frozen),2154,239,1915,0.11095636025998143,0.8208674571020644,,0.9433474988256115,0.83,0.930379746835443,0.6150627615062761,0.7405541561712846,147,11,1904,92
42,HeteroRGCN (frozen),2154,239,1915,0.11095636025998143,0.6566122059984657,,0.9328992647781772,0.795,0.7526881720430108,0.5857740585774058,0.6588235294117647,140,46,1869,99
43,XGBoost (frozen),1370,24,1346,0.017518248175182483,0.039245027063483415,,0.7052686973749381,0.435,0.0,0.0,0.0,0,8,1338,24
43,GraphSAGE (frozen),1370,24,1346,0.017518248175182483,0.04915988285337511,,0.8000866765725606,0.83,0.0,0.0,0.0,0,11,1335,24
43,HeteroRGCN (frozen),1370,24,1346,0.017518248175182483,0.035948139416121475,,0.7436230807330362,0.795,0.0,0.0,0.0,0,40,1306,24
44,XGBoost (frozen),1591,24,1567,0.01508485229415462,0.04471047292799445,,0.6588491810253138,0.435,0.06451612903225806,0.08333333333333333,0.07272727272727272,2,29,1538,22
44,GraphSAGE (frozen),1591,24,1567,0.01508485229415462,0.031074574665865766,,0.6436130610508403,0.83,0.06666666666666667,0.041666666666666664,0.05128205128205128,1,14,1553,23
44,HeteroRGCN (frozen),1591,24,1567,0.01508485229415462,0.02434376542678535,,0.6169166134864922,0.795,0.030303030303030304,0.041666666666666664,0.03508771929824561,1,32,1535,23
45,XGBoost (frozen),1221,5,1216,0.004095004095004095,0.00954067079968828,,0.6901315789473684,0.435,0.0,0.0,0.0,0,16,1200,5
45,GraphSAGE (frozen),1221,5,1216,0.004095004095004095,0.011337318847590167,,0.7435855263157896,0.83,0.0,0.0,0.0,0,14,1202,5
45,HeteroRGCN (frozen),1221,5,1216,0.004095004095004095,0.01783678032764614,,0.7664473684210525,0.795,0.04,0.2,0.06666666666666667,1,24,1192,4
46,XGBoost (frozen),712,2,710,0.0028089887640449437,0.17886178861788618,,0.9422535211267606,0.435,0.07692307692307693,0.5,0.13333333333333333,1,12,698,1
46,GraphSAGE (frozen),712,2,710,0.0028089887640449437,0.016668965834367958,,0.5147887323943662,0.83,0.0,0.0,0.0,0,1,709,2
46,HeteroRGCN (frozen),712,2,710,0.0028089887640449437,0.5163934426229508,,0.9584507042253521,0.795,0.16666666666666666,0.5,0.25,1,5,705,1
47,XGBoost (frozen),846,22,824,0.026004728132387706,0.050757021212762266,,0.7413393645189762,0.435,0.0,0.0,0.0,0,4,820,22
47,GraphSAGE (frozen),846,22,824,0.026004728132387706,0.07444395983869448,,0.794351279788173,0.83,0.0,0.0,0.0,0,1,823,22
47,HeteroRGCN (frozen),846,22,824,0.026004728132387706,0.07292821656408983,,0.8102383053839364,0.795,0.0,0.0,0.0,0,13,811,22
48,XGBoost (frozen),471,36,435,0.07643312101910828,0.19142058504134984,,0.8056194125159643,0.435,0.25,0.027777777777777776,0.05,1,3,432,35
48,GraphSAGE (frozen),471,36,435,0.07643312101910828,0.360058779529337,,0.904022988505747,0.83,0.0,0.0,0.0,0,2,433,36
48,HeteroRGCN (frozen),471,36,435,0.07643312101910828,0.4584179816703481,,0.9441890166028097,0.795,0.25,0.05555555555555555,0.09090909090909091,2,6,429,34
49,XGBoost (frozen),476,56,420,0.11764705882352941,0.18589686780404718,,0.6846088435374149,0.435,0.06666666666666667,0.017857142857142856,0.028169014084507043,1,14,406,55
49,GraphSAGE (frozen),476,56,420,0.11764705882352941,0.1359470968886008,,0.6196853741496599,0.83,0.0,0.0,0.0,0,17,403,56
49,HeteroRGCN (frozen),476,56,420,0.11764705882352941,0.291928812789258,,0.8446853741496599,0.795,0.0,0.0,0.0,0,2,418,56
