time_step,train_window,train_positives,rolling_pr_auc,rolling_f1,rolling_roc_auc,expanding_pr_auc,expanding_f1
35,15-34,2457,0.9296570436908731,0.8271604938271605,0.9731200637154045,0.9208668159678607,0.8571428571428571
36,16-35,2492,0.7040349649564001,0.7457627118644068,0.8993034825870647,0.6977195576938282,0.7164179104477612
37,17-36,2397,0.8046576688908509,0.6666666666666666,0.9592248908296943,0.7492067362574393,0.6461538461538462
38,18-37,2338,0.8606649347674343,0.8282828282828283,0.9683078427264473,0.87234888704645,0.8217821782178217
39,19-38,2397,0.9086974650907095,0.8226950354609929,0.9887522125876632,0.9031336461889138,0.8627450980392157
40,20-39,2398,0.7376600198548376,0.6892655367231638,0.9240137137657611,0.6895838401514318,0.6263736263736264
41,21-40,2250,0.8048745794316965,0.8392857142857143,0.944763100733098,0.8175658299916653,0.8090909090909091
42,22-41,2266,0.8469835544330625,0.7751196172248804,0.9531096714989566,0.814549913678094,0.780373831775701
43,23-42,2347,0.09913243073547068,0.12903225806451613,0.8351597325408618,0.06666297808032076,0.0
44,24-43,2318,0.07540456685452,0.09523809523809523,0.8237343118485428,0.058842475609444854,0.05714285714285714
45,25-44,2205,0.013456761564632937,0.0,0.8129934210526316,0.019523081257522105,0.0
46,26-45,2092,0.006879801416618519,0.0,0.6274647887323944,0.007521035598705501,0.0
47,27-46,1998,0.19482491159958318,0.0,0.9250882612533098,0.12743092926082106,0.0
48,28-47,1996,0.5747681737041663,0.15,0.9544061302681992,0.5629691120151956,0.10256410256410256
49,29-48,1947,0.6584006206743079,0.09836065573770492,0.9517857142857142,0.6065653205683843,0.06896551724137931
