time_step,prevalence,static_pr_auc,static_roc_auc,static_f1,static_precision,static_recall,expanding_pr_auc,expanding_roc_auc,expanding_f1,expanding_precision,expanding_recall,pr_auc_delta_expanding_minus_static
35,0.13571961222967935,0.9208668159678607,0.9744142828698479,0.8571428571428571,0.935064935064935,0.7912087912087912,0.9208668159678607,0.9744142828698479,0.8605341246290801,0.9354838709677419,0.7967032967032966,0.0
36,0.019320843091334895,0.6672744164086848,0.8998281320669381,0.6060606060606061,0.6060606060606061,0.6060606060606061,0.6977195576938282,0.8948891904115784,0.7164179104477612,0.7058823529411765,0.7272727272727273,0.030445141285143418
37,0.08032128514056225,0.7379515746707263,0.9501910480349345,0.65625,0.875,0.525,0.7492067362574393,0.9519377729257642,0.6461538461538462,0.84,0.525,0.011255161586713025
38,0.14682539682539683,0.779933175862529,0.9367134576436902,0.6742857142857143,0.921875,0.5315315315315315,0.87234888704645,0.9712549759061386,0.8217821782178217,0.9120879120879121,0.7477477477477478,0.092415711183921
39,0.06846999154691462,0.6062254687207456,0.9171651990768749,0.5378151260504201,0.8421052631578947,0.3950617283950617,0.9031410909857452,0.9894131881427707,0.8627450980392157,0.9166666666666666,0.8148148148148148,0.2969156222649997
40,0.09248554913294797,0.6005487928405938,0.8904645456908878,0.5562130177514792,0.8245614035087719,0.41964285714285715,0.6896020091033239,0.9153491810737034,0.6263736263736264,0.8142857142857143,0.5089285714285714,0.0890532162627301
41,0.10247349823321555,0.5887462191496086,0.8946171599239748,0.49411764705882355,0.7777777777777778,0.3620689655172414,0.8175658299916653,0.9542237985338039,0.8090909090909091,0.8557692307692307,0.7672413793103449,0.2288196108420567
42,0.11095636025998143,0.729047081774058,0.9556201317500028,0.6492146596858639,0.8671328671328671,0.5188284518828452,0.814549913678094,0.9543856582584093,0.780373831775701,0.8835978835978836,0.698744769874477,0.08550283190403607
43,0.017518248175182483,0.054716442554264916,0.7945146111936602,0.0,0.0,0.0,0.06662270389056116,0.827947003467063,0.0,0.0,0.0,0.011906261336296242
44,0.01508485229415462,0.04101277829961902,0.7160178685386087,0.06451612903225806,0.14285714285714285,0.041666666666666664,0.058832191775631607,0.7915868964050202,0.05714285714285714,0.09090909090909091,0.041666666666666664,0.01781941347601259
45,0.004095004095004095,0.013812296297227444,0.8197368421052631,0.0,0.0,0.0,0.019523081257522105,0.8536184210526316,0.0,0.0,0.0,0.0057107849602946615
46,0.0028089887640449437,0.020588235294117647,0.8584507042253521,0.0,0.0,0.0,0.007528165723482685,0.6661971830985915,0.0,0.0,0.0,-0.013060069570634962
47,0.026004728132387706,0.13313432918891996,0.8603817299205648,0.0,0.0,0.0,0.12743092926082106,0.8799095322153574,0.0,0.0,0.0,-0.005703399928098901
48,0.07643312101910828,0.5843523733521112,0.960344827586207,0.0,0.0,0.0,0.563152020999685,0.9489782886334611,0.10256410256410256,0.6666666666666666,0.05555555555555555,-0.021200352352426233
49,0.11764705882352941,0.32398783703045825,0.8615221088435374,0.0,0.0,0.0,0.6065653205683843,0.9379676870748299,0.06896551724137931,1.0,0.03571428571428571,0.28257748353792606
