time_step,regime,prevalence,pr_auc,frozen_threshold,adaptive_threshold,oracle_threshold,f1_frozen,f1_adaptive,precision_frozen,recall_frozen,precision_adaptive,recall_adaptive,adaptive_pool_max_step
35,expanding,0.13571961222967935,0.9208668159678607,0.83,0.83,0.77,0.8605341246290801,0.8605341246290801,0.9354838709677419,0.7967032967032966,0.9354838709677419,0.7967032967032966,34
36,expanding,0.019320843091334895,0.6977195576938282,0.83,0.83,0.9,0.7164179104477612,0.7164179104477612,0.7058823529411765,0.7272727272727273,0.7058823529411765,0.7272727272727273,35
37,expanding,0.08032128514056225,0.7492067362574393,0.83,0.83,0.66,0.6461538461538462,0.6461538461538462,0.84,0.525,0.84,0.525,36
38,expanding,0.14682539682539683,0.87234888704645,0.83,0.83,0.705,0.8217821782178217,0.8217821782178217,0.9120879120879121,0.7477477477477478,0.9120879120879121,0.7477477477477478,37
39,expanding,0.06846999154691462,0.9031410909857452,0.83,0.83,0.72,0.8627450980392157,0.8627450980392157,0.9166666666666666,0.8148148148148148,0.9166666666666666,0.8148148148148148,38
40,expanding,0.09248554913294797,0.6896020091033239,0.83,0.83,0.64,0.6263736263736264,0.6263736263736264,0.8142857142857143,0.5089285714285714,0.8142857142857143,0.5089285714285714,39
41,expanding,0.10247349823321555,0.8175658299916653,0.83,0.815,0.82,0.8090909090909091,0.8071748878923767,0.8557692307692307,0.7672413793103449,0.8411214953271028,0.7758620689655172,40
42,expanding,0.11095636025998143,0.814549913678094,0.83,0.815,0.71,0.780373831775701,0.7767441860465116,0.8835978835978836,0.698744769874477,0.8743455497382199,0.698744769874477,41
43,expanding,0.017518248175182483,0.06662270389056116,0.83,0.825,0.22,0.0,0.0,0.0,0.0,0.0,0.0,42
44,expanding,0.01508485229415462,0.058832191775631607,0.83,0.825,0.54,0.05714285714285714,0.05714285714285714,0.09090909090909091,0.041666666666666664,0.09090909090909091,0.041666666666666664,43
45,expanding,0.004095004095004095,0.019523081257522105,0.83,0.825,0.26,0.0,0.0,0.0,0.0,0.0,0.0,44
46,expanding,0.0028089887640449437,0.007528165723482685,0.83,0.825,0.11,0.0,0.0,0.0,0.0,0.0,0.0,45
47,expanding,0.026004728132387706,0.12743092926082106,0.83,0.825,0.38,0.0,0.0,0.0,0.0,0.0,0.0,46
48,expanding,0.07643312101910828,0.563152020999685,0.83,0.825,0.215,0.10256410256410256,0.10256410256410256,0.6666666666666666,0.05555555555555555,0.6666666666666666,0.05555555555555555,47
49,expanding,0.11764705882352941,0.6065653205683843,0.83,0.825,0.375,0.06896551724137931,0.06779661016949153,1.0,0.03571428571428571,0.6666666666666666,0.03571428571428571,48
