time_step,unit,total,illicit,licit,unknown,labeled,illicit_pct_of_labeled,labeled_pct_of_total
1,wallet_snapshots,34853,73,19467,15313,19540,0.3735926305015353,56.06404039824405
2,wallet_snapshots,24847,70,14754,10023,14824,0.47220723151645977,59.66112609168109
3,wallet_snapshots,20137,45,3545,16547,3590,1.2534818941504178,17.827879028653722
4,wallet_snapshots,21030,201,5917,14912,6118,3.2853873814972214,29.09177365668093
5,wallet_snapshots,23261,40,8116,15105,8156,0.4904364884747425,35.06298095524698
6,wallet_snapshots,11754,11,1523,10220,1534,0.7170795306388527,13.050876297430662
7,wallet_snapshots,21537,266,6193,15078,6459,4.1182845641740204,29.990249338347958
8,wallet_snapshots,25762,127,13892,11743,14019,0.905913403238462,54.41735890070647
9,wallet_snapshots,19747,408,3286,16053,3694,11.044937736870601,18.706638983136678
10,wallet_snapshots,32763,40,6945,25778,6985,0.572655690765927,21.31978146079419
11,wallet_snapshots,21737,194,8987,12556,9181,2.113059579566496,42.23673920044164
12,wallet_snapshots,10076,50,2244,7782,2294,2.1795989537925022,22.766971020246128
13,wallet_snapshots,23708,348,2633,20727,2981,11.673934921167394,12.573814746077273
14,wallet_snapshots,5573,74,1538,3961,1612,4.590570719602978,28.925174950654945
15,wallet_snapshots,14133,201,6042,7890,6243,3.2196059586737147,44.17321163234982
16,wallet_snapshots,8097,183,1916,5998,2099,8.718437351119581,25.923181425219216
17,wallet_snapshots,16325,132,3138,13055,3270,4.036697247706422,20.03062787136294
18,wallet_snapshots,5566,83,1243,4240,1326,6.259426847662142,23.82321236076177
19,wallet_snapshots,10076,131,2306,7639,2437,5.375461633155519,24.186184994045256
20,wallet_snapshots,29451,430,5201,23820,5631,7.636299058781744,19.119894061322196
21,wallet_snapshots,33764,632,15549,17583,16181,3.9058154625795685,47.92382419144651
22,wallet_snapshots,27413,715,7078,19620,7793,9.174900551777236,28.42811804618247
23,wallet_snapshots,13587,396,4127,9064,4523,8.755250939641831,33.28917347464488
24,wallet_snapshots,16651,584,2216,13851,2800,20.857142857142858,16.81580685844694
25,wallet_snapshots,17040,1106,7425,8509,8531,12.964482475676943,50.06455399061033
26,wallet_snapshots,15949,734,1921,13294,2655,27.645951035781543,16.64681171233306
27,wallet_snapshots,8435,46,827,7562,873,5.2691867124856815,10.34973325429757
28,wallet_snapshots,4940,106,692,4142,798,13.283208020050125,16.153846153846153
29,wallet_snapshots,16216,433,2858,12925,3291,13.157095107869948,20.29477059694129
30,wallet_snapshots,9089,145,2478,6466,2623,5.528021349599695,28.859060402684563
31,wallet_snapshots,14726,161,4410,10155,4571,3.5222052067381315,31.040336819231293
32,wallet_snapshots,16133,790,3963,11380,4753,16.621081422259625,29.46135250728321
33,wallet_snapshots,13955,282,6526,7147,6808,4.142185663924795,48.78538158366177
34,wallet_snapshots,12940,460,5010,7470,5470,8.409506398537477,42.272024729520865
35,wallet_snapshots,22655,442,4973,17240,5415,8.162511542012927,23.90200838666961
36,wallet_snapshots,31764,597,8540,22627,9137,6.533873262558827,28.76526885782647
37,wallet_snapshots,15785,440,2980,12365,3420,12.865497076023392,21.66613873930947
38,wallet_snapshots,16824,194,3356,13274,3550,5.464788732394366,21.10080836899667
39,wallet_snapshots,11378,129,3687,7562,3816,3.380503144654088,33.538407452979435
40,wallet_snapshots,26723,453,8203,18067,8656,5.2333641404805915,32.39157280245482
41,wallet_snapshots,22253,182,5689,16382,5871,3.099982967126554,26.38295960095268
42,wallet_snapshots,32531,411,9115,23005,9526,4.314507663237455,29.28283790845655
43,wallet_snapshots,24600,105,6127,18368,6232,1.6848523748395379,25.333333333333332
44,wallet_snapshots,19668,284,7939,11445,8223,3.4537273501155297,41.80902989627822
45,wallet_snapshots,25060,33,9279,15748,9312,0.3543814432989691,37.15881883479649
46,wallet_snapshots,18184,509,4086,13589,4595,11.077257889009793,25.269467663880334
47,wallet_snapshots,21079,204,6843,14032,7047,2.894848871860366,33.43137720005693
48,wallet_snapshots,18717,388,8103,10226,8491,4.569544223295254,45.36517604316931
49,wallet_snapshots,12199,652,3813,7734,4465,14.602463605823068,36.601360767276006
