node,out_degree,in_degree,edge_type
2984918,472,1,tx->tx
89273,288,1,tx->tx
43388675,0,284,tx->tx
68705820,0,247,tx->tx
30699343,0,241,tx->tx
13vHWR3iLsHeYwT42RnuKYNBoVPrKKZgRv,1453,0,addr->tx
1P9RQEr2XeE3PEb44ZE35sfZRRW1JHU8qx,1245,0,addr->tx
366Dgw4pi3rnvu5zizVWZF6nijWxZWc6RA,851,0,addr->tx
1FoxBitjXcBeZUS4eDzPZ7b124q3N7QJK7,847,0,addr->tx
94640561,0,653,addr->tx
89273,13107,0,tx->addr
565334,5341,0,tx->addr
2984918,4912,0,tx->addr
3181,4906,0,tx->addr
488266,4902,0,tx->addr
1GX28yLjVWux7ws4UQ9FB4MnLH4UKTPK2z,37835,6,addr->addr
1N52wHoVR79PMDishab2XmRHsbekCdGquK,3307,12019,addr->addr
17A16QmavnUfCW11DAApiJxp7ARnxN5pGX,13816,610,addr->addr
33uVuTnQyaCTeK8MwZdaxgLNJCECwvxZQE,12128,17,addr->addr
38DPYmsa7RXwLrhpTP6udrfSiGn5dzdGAC,8709,5,addr->addr
