time_step,n,illicit,tp,fp,fn,tn,precision,recall,f1,pr_auc
35,1341.0,182.0,177.0,280.0,5.0,879.0,0.387308533916849,0.9725274725274725,0.5539906103286385,0.8265080255853025
36,1708.0,33.0,33.0,331.0,0.0,1344.0,0.09065934065934066,1.0,0.16624685138539042,0.4903548875865348
37,498.0,40.0,36.0,64.0,4.0,394.0,0.36,0.9,0.5142857142857142,0.6655259535069067
38,756.0,111.0,106.0,107.0,5.0,538.0,0.49765258215962443,0.954954954954955,0.654320987654321,0.7965287255748428
39,1183.0,81.0,78.0,238.0,3.0,864.0,0.2468354430379747,0.9629629629629629,0.3929471032745592,0.6207135362585341
40,1211.0,112.0,93.0,256.0,19.0,843.0,0.2664756446991404,0.8303571428571429,0.403470715835141,0.6453078975786787
41,1132.0,116.0,109.0,286.0,7.0,730.0,0.2759493670886076,0.9396551724137931,0.42661448140900193,0.5365706630626615
42,2154.0,239.0,217.0,475.0,22.0,1440.0,0.31358381502890176,0.9079497907949791,0.46616541353383456,0.7643916672502244
43,1370.0,24.0,16.0,354.0,8.0,992.0,0.043243243243243246,0.6666666666666666,0.08121827411167512,0.037529072301250355
44,1591.0,24.0,15.0,857.0,9.0,710.0,0.017201834862385322,0.625,0.033482142857142856,0.016555281419376486
45,1221.0,5.0,4.0,327.0,1.0,889.0,0.012084592145015106,0.8,0.023809523809523808,0.05056138473470051
46,712.0,2.0,1.0,149.0,1.0,561.0,0.006666666666666667,0.5,0.013157894736842105,0.008318077803203662
47,846.0,22.0,15.0,172.0,7.0,652.0,0.08021390374331551,0.6818181818181818,0.14354066985645933,0.06852886979926982
48,471.0,36.0,28.0,60.0,8.0,375.0,0.3181818181818182,0.7777777777777778,0.45161290322580644,0.3957911866041538
49,476.0,56.0,15.0,90.0,41.0,330.0,0.14285714285714285,0.26785714285714285,0.18633540372670807,0.18405728609871203
