model,pr_auc,roc_auc,precision,recall,f1,tp,fp,fn,threshold
Prevalence Baseline,0.06496700659868027,0.5,0.06496700659868027,1.0,0.12200754802005295,1083,15587,0,0.06496700659868027
Logistic Regression,0.2917,0.8828,0.3547,0.5734,0.4385,621,1130,462,0.655
2-Layer MLP Baseline,0.4768,0.8912,0.5964,0.5568,0.5759,603,408,480,0.71
GraphSAGE Baseline,0.6216,0.9044,0.6873,0.5235,0.5943,567,258,516,0.82
GraphSAGE Best Variant (O4),0.6001,0.8923,0.7427,0.5143,0.6077,557,193,526,0.9
HeteroRGCN,0.4682,0.8946,0.6241,0.4598,0.5295,498,300,585,0.795
XGBoost Baseline (500 Trees),0.8007,0.9317,0.8258,0.7516,0.787,814,172,269,0.515
XGBoost Optimized (Frozen),0.8013,0.9281,0.796,0.7682,0.7818,832,213,251,0.435
HeteroHGT (Transformer),0.486086787966851,0.8937354038373124,0.1890158348366406,0.8707294552169899,0.3106060606060606,943,4046,140,0.67
