time_step,n_tx,n_labeled,n_illicit,prevalence,rolling_prevalence,prevalence_status,triad_status,psi_agg_10,psi_agg_43,psi_agg_8,score_agg_10,score_agg_43,score_agg_8,triad_method,pct_local_drift_sig,adversarial_auc,pr_auc,frozen_f1,adaptive_f1_f1,bayes_f1,oracle_f1,trigger_action,trigger_severity,primary_reason
35,5507,1341,182,0.13571961222967935,0.1682322801024765,WARNING,STABLE,0.33750138848191547,0.3977324934840467,0.2404211219056897,0.04833355074534949,0.04349451451960771,0.03567145037879912,detrended_linear_residual,6.451612903225806,0.9002145833333334,0.9934392989321705,0.9595687331536388,0.9595687331536388,0.9595687331536388,0.9776536312849162,RECALIBRATE_ONLY,WARNING,PrevalenceWarning: Rolling prevalence (0.1682) shifted by +45.3% vs baseline.
36,6393,1708,33,0.019320843091334895,0.15935334872979215,WARNING,STABLE,0.46534250685082384,0.2941638033124664,0.6040025525947653,0.04024738280060466,0.04206825018036831,0.01692332561065426,detrended_linear_residual,22.58064516129032,,0.994628982128982,0.8354430379746836,0.9696969696969697,0.7415730337078652,0.9846153846153847,RECALIBRATE_ONLY,WARNING,PrevalenceWarning: Rolling prevalence (0.1594) shifted by +37.6% vs baseline.
37,3306,498,40,0.08032128514056225,0.11580330330330331,STABLE,STABLE,1.0402110880701738,1.433122167571281,1.1693379353751827,0.045582275550435564,0.04358049302748246,0.03867915089560521,detrended_linear_residual,34.40860215053764,,0.8893308691794047,0.8115942028985508,0.7692307692307693,0.8115942028985508,0.8235294117647058,RECALIBRATE_ONLY,WARNING,DiffuseMicroDriftWarning: 34.4% of local features in significant drift for a single step (need 2 consecutive steps for CRITICAL); awaiting confirmation.
38,2891,756,111,0.14682539682539683,0.06995336442371752,WARNING,STABLE,0.13126398615016224,0.9066184029489586,0.27272738880079533,0.05132735994229697,0.034180447967651705,0.06032077175437739,detrended_linear_residual,4.301075268817205,,0.9532094081576619,0.9181818181818182,0.9326923076923077,0.9174311926605505,0.9478672985781991,RECALIBRATE_ONLY,WARNING,PrevalenceWarning: Rolling prevalence (0.0700) shifted by -39.6% vs baseline.
39,2760,1183,81,0.06846999154691462,0.08364466583644665,STABLE,MODERATE,0.9085311368946534,1.4354456803060556,1.0079029178472847,0.08864877362366547,0.05504861766721786,0.1131567415240113,detrended_linear_residual,21.50537634408602,,0.9608283362476222,0.9101796407185628,0.9487179487179487,0.926829268292683,0.9559748427672956,RECALIBRATE_ONLY,WARNING,"FeatureDriftWarning: Triad features show moderate detrended-drift score in [0.10, 0.25]."
40,4481,1211,112,0.09248554913294797,0.08148013124316442,STABLE,STABLE,0.3546891257828824,1.6574923894494258,0.48208851307295475,0.05880857459426805,0.033461214239990315,0.05765742011171902,detrended_linear_residual,3.225806451612903,0.8776604166666666,0.767752672527802,0.7715736040609137,0.776595744680851,0.7772020725388601,0.7835051546391752,RECALIBRATE_ONLY,WARNING,"AdversarialOODAlert: Domain classifier AUC=0.8777 >= 0.85 (saturated domain separability; corroborating signal only, not a standalone retrain trigger)."
41,5342,1132,116,0.10247349823321555,0.0703883495145631,WARNING,STABLE,0.905113021361348,1.4297665957380232,1.008319754670717,0.03572478076967791,0.019461898525251875,0.022377789191604595,detrended_linear_residual,16.129032258064516,,0.9640915486597283,0.944206008583691,0.9646017699115044,0.9606986899563319,0.9691629955947136,RECALIBRATE_ONLY,WARNING,PrevalenceWarning: Rolling prevalence (0.0704) shifted by -39.2% vs baseline.
42,7140,2154,239,0.11095636025998143,0.09623430962343096,STABLE,STABLE,0.97499555910317,1.4603555868103109,1.3100419210267955,0.00393020857931,0.002411121877538773,0.00844941918823288,detrended_linear_residual,2.1505376344086025,,0.8935297438703486,0.847682119205298,0.8775981524249422,0.8533333333333334,0.8790697674418605,NO_ACTION,INFO,All monitoring channels within stable operational envelope.
43,5063,1370,24,0.017518248175182483,0.1023927905531386,STABLE,STABLE,0.20591659117338923,0.350394810766821,0.28633531041885374,0.05051366494340532,0.03546477758853481,0.042542637857393484,detrended_linear_residual,7.526881720430108,,0.036512374546720676,0.0,0.0,0.0,0.07954545454545454,RETRAIN,CRITICAL,PerformanceCrash: Frozen threshold F1 collapsed to 0.0000 (PR-AUC=0.0365).
44,4975,1591,24,0.01508485229415462,0.08113475177304964,STABLE,STABLE,0.11503689891365394,0.5928859447634734,0.24953880732322054,0.03281403237478924,0.0356467778765175,0.033434600758477206,detrended_linear_residual,8.60215053763441,,0.037187389250635916,0.07272727272727272,0.05714285714285714,0.0851063829787234,0.125,RETRAIN,CRITICAL,PerformanceCrash: Frozen threshold F1 collapsed to 0.0727 (PR-AUC=0.0372).
45,5598,1221,5,0.004095004095004095,0.0690533655135425,WARNING,STABLE,0.4756577261700252,0.41145887527629943,0.653998600198654,0.04009419064331066,0.043687771110351215,0.026144808386646182,detrended_linear_residual,6.451612903225806,0.8244572916666667,0.0070351398720408095,0.0,0.0,0.0,0.024539877300613498,RETRAIN,CRITICAL,PerformanceCrash: Frozen threshold F1 collapsed to 0.0000 (PR-AUC=0.0070).
46,3519,712,2,0.0028089887640449437,0.05463310123192287,WARNING,STABLE,0.4614820744668149,0.32378351494983365,0.44855254122092314,0.011338927873729978,0.0455125618660661,0.0004446601780522945,detrended_linear_residual,30.107526881720432,,0.09251731406202951,0.13333333333333333,0.2857142857142857,0.2,0.3333333333333333,RECALIBRATE_ONLY,WARNING,DiffuseMicroDriftWarning: 30.1% of local features in significant drift for a single step (need 2 consecutive steps for CRITICAL); awaiting confirmation.
47,5121,846,22,0.026004728132387706,0.041713961407491486,ALERT,STABLE,0.33172386674116733,0.6083817966809383,0.30852383497600255,0.011969315675678278,0.03541347521755959,0.023535451826479793,detrended_linear_residual,8.60215053763441,,0.04757312927933914,0.0,0.0,0.0,0.07339449541284404,RETRAIN,CRITICAL,PerformanceCrash: Frozen threshold F1 collapsed to 0.0000 (PR-AUC=0.0476).
48,2954,471,36,0.07643312101910828,0.013414634146341463,ALERT,STABLE,0.24330483658715957,0.24011217165294796,0.36592338892585974,0.01235908285052405,0.04572849837122262,0.023280951809593962,detrended_linear_residual,17.20430107526882,,0.18101147752571092,0.05,0.047619047619047616,0.0,0.17142857142857143,RETRAIN,CRITICAL,PrevalenceRegimeCollapse: Rolling illicit prevalence (0.0134) plummeted below critical floor (0.0350).
49,2454,476,56,0.11764705882352941,0.018384631274530057,ALERT,STABLE,0.22508774437597145,0.1808292086768243,0.38970637559071036,0.009354880825273233,0.042672082184532466,0.02252031881981449,detrended_linear_residual,11.827956989247312,0.87056875,0.18225106911311845,0.028169014084507043,0.027777777777777776,0.03389830508474576,0.11965811965811966,RETRAIN,CRITICAL,PrevalenceRegimeCollapse: Rolling illicit prevalence (0.0184) plummeted below critical floor (0.0350).
