time_step,prevalence,pr_auc,frozen_tau,frozen_f1,frozen_precision,frozen_recall,frozen_tp,frozen_fp,adaptive_f1_tau,adaptive_f1_f1,adaptive_f1_precision,adaptive_f1_recall,adaptive_f1_tp,adaptive_f1_fp,bayes_tau,bayes_f1,bayes_precision,bayes_recall,bayes_tp,bayes_fp,oracle_tau,oracle_f1,oracle_precision,oracle_recall,f1_lift_adaptive_f1,f1_lift_bayes
35,0.1357,0.9934,0.435,0.9596,0.9418,0.978,178,11,0.435,0.9596,0.9418,0.978,178,11,0.435,0.9596,0.9418,0.978,178,11,0.905,0.9777,0.9943,0.9615,0.0,0.0
36,0.0193,0.9946,0.435,0.8354,0.7174,1.0,33,13,0.905,0.9697,0.9697,0.9697,32,1,0.3472,0.7416,0.5893,1.0,33,23,0.93,0.9846,1.0,0.9697,0.1343,-0.0939
37,0.0803,0.8893,0.435,0.8116,0.9655,0.7,28,1,0.93,0.7692,1.0,0.625,25,0,0.435,0.8116,0.9655,0.7,28,1,0.61,0.8235,1.0,0.7,-0.0424,0.0
38,0.1468,0.9532,0.435,0.9182,0.9266,0.9099,101,8,0.93,0.9327,1.0,0.8739,97,0,0.5728,0.9174,0.9346,0.9009,100,7,0.775,0.9479,1.0,0.9009,0.0145,-0.0008
39,0.0685,0.9608,0.435,0.9102,0.8837,0.9383,76,10,0.815,0.9487,0.9867,0.9136,74,1,0.5249,0.9268,0.9157,0.9383,76,7,0.725,0.956,0.9744,0.9383,0.0385,0.0166
40,0.0925,0.7678,0.435,0.7716,0.8941,0.6786,76,9,0.775,0.7766,0.9605,0.6518,73,3,0.532,0.7772,0.9259,0.6696,75,6,0.5,0.7835,0.9268,0.6786,0.005,0.0056
41,0.1025,0.9641,0.435,0.9442,0.9402,0.9483,110,7,0.775,0.9646,0.9909,0.9397,109,1,0.5711,0.9607,0.9735,0.9483,110,3,0.615,0.9692,0.991,0.9483,0.0204,0.0165
42,0.111,0.8935,0.435,0.8477,0.8972,0.8033,192,22,0.775,0.8776,0.9794,0.795,190,4,0.4864,0.8533,0.91,0.8033,192,19,0.88,0.8791,0.9895,0.7908,0.0299,0.0057
43,0.0175,0.0365,0.435,0.0,0.0,0.0,0,8,0.775,0.0,0.0,0.0,0,1,0.4692,0.0,0.0,0.0,0,4,0.01,0.0795,0.0461,0.2917,0.0,0.0
44,0.0151,0.0372,0.435,0.0727,0.0645,0.0833,2,29,0.755,0.0571,0.0909,0.0417,1,10,0.5332,0.0851,0.087,0.0833,2,21,0.36,0.125,0.1,0.1667,-0.0156,0.0124
45,0.0041,0.007,0.435,0.0,0.0,0.0,0,16,0.88,0.0,0.0,0.0,0,1,0.5762,0.0,0.0,0.0,0,12,0.03,0.0245,0.0127,0.4,0.0,0.0
46,0.0028,0.0925,0.435,0.1333,0.0769,0.5,1,12,0.88,0.2857,0.2,0.5,1,4,0.6357,0.2,0.125,0.5,1,7,0.915,0.3333,0.25,0.5,0.1524,0.0667
47,0.026,0.0476,0.435,0.0,0.0,0.0,0,4,0.93,0.0,0.0,0.0,0,0,0.6985,0.0,0.0,0.0,0,2,0.01,0.0734,0.046,0.1818,0.0,0.0
48,0.0764,0.181,0.435,0.05,0.25,0.0278,1,3,0.365,0.0476,0.1667,0.0278,1,5,0.8812,0.0,0.0,0.0,0,0,0.01,0.1714,0.1765,0.1667,-0.0024,-0.05
49,0.1176,0.1823,0.435,0.0282,0.0667,0.0179,1,14,0.365,0.0278,0.0625,0.0179,1,15,0.8434,0.0339,0.3333,0.0179,1,2,0.01,0.1197,0.1148,0.125,-0.0004,0.0057
