check,value,expected,ok,note
features: total raw tx features,182,182,True,
features: domain columns excluded,17,17,True,
features: primary model tx features,165,165,True,
labels: transaction rows in classes CSV,203769,203769,True,
transactions: total row count,203769,203769,True,
transactions: zero missing labels,0,0,True,
transactions: time step span,"(1, 49)","(1, 49)",True,
transactions: missing values in 165 model features,0,0,True,
transactions: illicit count,4545,4545,True,
transactions: licit count,42019,42019,True,
transactions: unknown count,157205,157205,True,
wallets: total unique address count,822942,822942,True,
wallets: zero missing address labels,0,0,True,
wallets: illicit count,14266,14266,True,
wallets: licit count,251088,251088,True,
wallets: unknown count,557588,557588,True,
wallets: raw feature columns count,55,55,True,
wallets: raw row count with duplicate snapshots,1268260,1268260,True,
wallets: deduplicated snapshot count,920691,920691,True,
mappings: transaction node universe size,203769,203769,True,
mappings: address node universe size,822942,822942,True,
graph: tx -> tx edge count,234355,234355,True,
graph: addr -> tx edge count,477117,477117,True,
graph: tx -> addr edge count,837124,837124,True,
graph: addr -> addr edge count,2868964,2868964,True,
graph: total heterogeneous edges count,4417560,4417560,True,
graph: multi-step active wallets count > 0,True,True,True,
graph: test transactions connected to history via wallets count > 0,True,True,True,
protocol: zero train/test overlap,False,False,True,
protocol: sub-windows partition test period,16670,16670,True,
protocol: fit labeled count,23606,23606,True,
protocol: validation labeled count,6288,6288,True,
protocol: train labeled count,29894,29894,True,
protocol: test labeled count,16670,16670,True,
protocol: test illicit count,1083,1083,True,
leakage: tx feature tensor shape matches node universe,"(203769, 165)","(203769, 165)",True,
leakage: addr feature tensor shape matches node universe,"(822942, 55)","(822942, 55)",True,
leakage: labels tensor shape matches node universe,"(203769, 1)","(203769, 1)",True,
"architecture: HeteroRGCN has > 50,000 parameters",True,True,True,
training: fit pos_weight calculated on fit data only,9.64,9.64,True,
training: train pos_weight calculated on train data only,7.63,7.63,True,
threshold: RGCN threshold selected on validation only,0.795,0.795,True,
evaluation: confusion matrix arithmetic closes for RGCN,16670,16670,True,
temporal: sub-windows partition labeled count,16670,16670,True,
predictions: RGCN prediction matches score >= threshold,0,0,True,
