rank,feature,gain
1,Local_feature_53,536.5304565429688
2,Aggregate_feature_7,331.5180358886719
3,Local_feature_40,312.2615661621094
4,Local_feature_55,308.7176513671875
5,Local_feature_14,288.40057373046875
6,Local_feature_5,277.79754638671875
7,Local_feature_47,273.8255310058594
8,Aggregate_feature_43,226.25564575195312
9,Local_feature_61,211.94728088378906
10,Local_feature_18,204.37783813476562
11,Local_feature_46,202.23544311523438
12,Aggregate_feature_10,188.16213989257812
13,Local_feature_90,158.37069702148438
14,Local_feature_41,141.44796752929688
15,Local_feature_59,139.00584411621094
16,Local_feature_22,129.7674102783203
17,Aggregate_feature_70,126.37406921386719
18,Local_feature_81,125.3425521850586
19,Local_feature_65,121.6407241821289
20,Local_feature_23,93.06495666503906
21,Local_feature_29,92.46996307373047
22,Local_feature_80,81.26729583740234
23,Local_feature_49,77.85404968261719
24,Local_feature_76,75.80364990234375
25,Aggregate_feature_68,75.315673828125
26,Local_feature_43,64.01222229003906
27,Local_feature_37,63.992610931396484
28,Aggregate_feature_67,60.33586120605469
29,Aggregate_feature_65,56.84389114379883
30,Local_feature_2,56.37070083618164
31,Local_feature_1,54.185482025146484
32,Aggregate_feature_39,54.075984954833984
33,Local_feature_67,53.78958511352539
34,Aggregate_feature_66,47.73031997680664
35,Local_feature_16,47.53323745727539
36,Aggregate_feature_53,44.313846588134766
37,Local_feature_28,43.859375
38,Local_feature_58,42.272605895996094
39,Local_feature_68,41.87681198120117
40,Aggregate_feature_69,40.874183654785156
41,Aggregate_feature_32,35.27898406982422
42,Aggregate_feature_8,34.40766143798828
43,Aggregate_feature_34,33.62763595581055
44,Local_feature_35,32.9372444152832
45,Local_feature_9,31.499670028686523
46,Local_feature_20,30.76841926574707
47,Local_feature_25,30.355478286743164
48,Local_feature_75,29.722074508666992
49,Local_feature_3,28.949846267700195
50,Aggregate_feature_49,27.416702270507812
51,Aggregate_feature_61,27.27886962890625
52,Local_feature_73,26.711191177368164
53,Local_feature_66,25.983213424682617
54,Local_feature_13,25.197017669677734
55,Aggregate_feature_26,25.0621280670166
56,Aggregate_feature_44,24.12544822692871
57,Aggregate_feature_33,23.559492111206055
58,Local_feature_71,22.82842254638672
59,Local_feature_34,22.21919822692871
60,Local_feature_8,21.84640121459961
61,Local_feature_64,21.267532348632812
62,Local_feature_52,20.867433547973633
63,Local_feature_48,20.74130630493164
64,Aggregate_feature_28,20.60313606262207
65,Local_feature_89,20.47163200378418
66,Local_feature_54,19.961809158325195
67,Local_feature_92,19.88960075378418
68,Aggregate_feature_14,19.812482833862305
69,Local_feature_79,19.691564559936523
70,Aggregate_feature_9,18.470504760742188
71,Local_feature_83,18.122478485107422
72,Local_feature_93,17.98676109313965
73,Aggregate_feature_46,17.496017456054688
74,Local_feature_4,17.29219627380371
75,Local_feature_24,17.214515686035156
76,Local_feature_42,17.119647979736328
77,Aggregate_feature_36,17.095972061157227
78,Aggregate_feature_6,16.9173583984375
79,Local_feature_6,16.74292755126953
80,Aggregate_feature_11,16.706645965576172
81,Local_feature_82,16.614395141601562
82,Aggregate_feature_1,16.468076705932617
83,Local_feature_12,15.523280143737793
84,Local_feature_77,15.507737159729004
85,Aggregate_feature_31,15.402265548706055
86,Aggregate_feature_37,15.241543769836426
87,Local_feature_19,14.753312110900879
88,Local_feature_30,14.654426574707031
89,Aggregate_feature_64,14.468682289123535
90,Local_feature_86,14.389260292053223
91,Aggregate_feature_55,14.149949073791504
92,Aggregate_feature_56,14.122331619262695
93,Local_feature_72,13.901091575622559
94,Local_feature_62,13.834278106689453
95,Aggregate_feature_62,13.830029487609863
96,Local_feature_84,13.761139869689941
97,Aggregate_feature_16,13.72038745880127
98,Local_feature_91,13.599727630615234
99,Local_feature_78,13.213554382324219
100,Aggregate_feature_45,13.144847869873047
101,Aggregate_feature_72,12.933830261230469
102,Aggregate_feature_54,12.409261703491211
103,Local_feature_10,12.401700973510742
104,Aggregate_feature_50,12.138751029968262
105,Aggregate_feature_52,11.84414291381836
106,Aggregate_feature_47,11.83674144744873
107,Aggregate_feature_2,11.68814468383789
108,Aggregate_feature_71,11.642020225524902
109,Local_feature_31,11.424152374267578
110,Aggregate_feature_29,11.392714500427246
111,Local_feature_85,11.373530387878418
112,Local_feature_32,11.060660362243652
113,Aggregate_feature_58,10.941511154174805
114,Local_feature_17,10.928585052490234
115,Local_feature_33,10.914887428283691
116,Aggregate_feature_18,10.561969757080078
117,Local_feature_88,10.352142333984375
118,Aggregate_feature_51,10.346410751342773
119,Aggregate_feature_17,10.186864852905273
120,Aggregate_feature_12,9.918734550476074
121,Aggregate_feature_19,9.770546913146973
122,Local_feature_87,9.693207740783691
123,Local_feature_44,9.525009155273438
124,Aggregate_feature_21,9.338869094848633
125,Aggregate_feature_59,9.254151344299316
126,Aggregate_feature_23,9.210532188415527
127,Local_feature_11,9.106263160705566
128,Aggregate_feature_22,9.01418399810791
129,Aggregate_feature_60,8.922873497009277
130,Local_feature_45,8.878758430480957
131,Aggregate_feature_15,8.79054069519043
132,Aggregate_feature_57,8.719867706298828
133,Aggregate_feature_4,8.60435676574707
134,Aggregate_feature_63,8.565202713012695
135,Local_feature_56,8.461884498596191
136,Aggregate_feature_40,8.343443870544434
137,Aggregate_feature_5,8.329474449157715
138,Local_feature_36,8.328609466552734
139,Local_feature_60,8.285796165466309
140,Local_feature_57,8.16551685333252
141,Aggregate_feature_13,8.041425704956055
142,Aggregate_feature_38,8.014669418334961
143,Aggregate_feature_25,7.864645004272461
144,Aggregate_feature_30,7.266031742095947
145,Aggregate_feature_20,7.194989204406738
146,Local_feature_26,7.189640998840332
147,Local_feature_51,7.103781700134277
148,Local_feature_50,6.852171897888184
149,Aggregate_feature_3,6.840710639953613
150,Aggregate_feature_24,6.750901699066162
151,Aggregate_feature_41,6.579326629638672
152,Aggregate_feature_27,6.433927536010742
153,Aggregate_feature_42,6.252162456512451
154,Local_feature_74,4.887628078460693
155,Local_feature_38,4.726861476898193
156,Aggregate_feature_35,4.102323532104492
157,Local_feature_27,3.253596544265747
158,Aggregate_feature_48,2.6497132778167725
159,Local_feature_21,2.4426939487457275
160,Local_feature_63,2.2820591926574707
161,Local_feature_15,0.0
162,Local_feature_7,0.0
163,Local_feature_70,0.0
164,Local_feature_39,0.0
165,Local_feature_69,0.0
