name,config_type,weighting,objective,scale_pos_weight,threshold,trees_kept,ran_out_of_budget,val_early_pr_auc,val_late_pr_auc,val_full_pr_auc,seconds,selection_slice,test_pr_auc,test_roc_auc,test_f1,test_precision,test_recall,test_tp,test_fp,test_fn,test_n,test_illicit,test_prevalence,test_early_pr_auc,test_early_roc_auc,test_early_f1,test_early_precision,test_early_recall,test_early_tp,test_early_fp,test_early_fn,test_early_n,test_early_illicit,test_early_prevalence,test_drift_pr_auc,test_drift_roc_auc,test_drift_f1,test_drift_precision,test_drift_recall,test_drift_tp,test_drift_fp,test_drift_fn,test_drift_n,test_drift_illicit,test_drift_prevalence,test_pr_auc_delta_vs_reference,test_f1_delta_vs_reference,test_early_pr_auc_delta_vs_reference,test_early_f1_delta_vs_reference,test_drift_pr_auc_delta_vs_reference,test_drift_f1_delta_vs_reference
control_original_validation_25-34,reference_control,none,binary:logistic,9.6381,0.435,582,False,0.9880743939615516,0.9635038600712718,0.9871348359080679,17.4,validation 25-34,0.7996716321390765,0.9277802174445037,0.7722007722007722,0.8088978766430738,0.7386888273314867,800,189,283,16670,1083,0.06496700659868027,0.9208028187904038,0.9709401517613685,0.8843159065628476,0.8993212669683258,0.8698030634573304,795,89,119,9983,914,0.09155564459581288,0.040110245246065955,0.6807720450060006,0.0364963503649635,0.047619047619047616,0.029585798816568046,5,100,164,6687,169,0.025272917601315985,-0.0014,-0.0325,-0.002,-0.0188,-0.0018,0.0093
reference_frozen_phase2,reference,none,binary:logistic,9.6381,0.685,319,False,0.9877570365722026,0.9668943024669415,0.986905293320521,12.0,validation_late 33-34,0.8010580605491627,0.9352867096138844,0.8046795523906409,0.8958097395243488,0.7303785780240074,791,92,292,16670,1083,0.06496700659868027,0.9228114962830557,0.9750166062135347,0.9031518624641833,0.9482551143200962,0.862144420131291,788,43,126,9983,914,0.09155564459581288,0.04188553795742223,0.7027022119901011,0.027149321266968326,0.057692307692307696,0.01775147928994083,3,49,166,6687,169,0.025272917601315985,0.0,0.0,0.0,0.0,0.0,0.0
scale_pos_weight_1,class_weight,none,binary:logistic,1.0,0.37,145,False,0.9867779642410482,0.9650024320963208,0.9860031593161414,5.9,validation_late 33-34,0.8001001758890773,0.941569675845007,0.7661016949152543,0.8054989816700611,0.7303785780240074,791,191,292,16670,1083,0.06496700659868027,0.9198287096331971,0.9761306038581428,0.8765294771968855,0.8914027149321267,0.862144420131291,788,96,126,9983,914,0.09155564459581288,0.045566272555328594,0.7392028628958315,0.02247191011235955,0.030612244897959183,0.01775147928994083,3,95,166,6687,169,0.025272917601315985,-0.001,-0.0386,-0.003,-0.0266,0.0037,-0.0047
scale_pos_weight_5,class_weight,none,binary:logistic,5.0,0.62,289,False,0.9887893139437384,0.9656928029724063,0.9879505553233539,12.2,validation_late 33-34,0.8019984673309429,0.9355473027485024,0.8028383172833249,0.8898876404494382,0.7313019390581718,792,98,291,16670,1083,0.06496700659868027,0.9229626412355102,0.9752940801774289,0.9017142857142857,0.94377990430622,0.8632385120350109,789,47,125,9983,914,0.09155564459581288,0.04422192591400398,0.7019714182482375,0.026905829596412557,0.05555555555555555,0.01775147928994083,3,51,166,6687,169,0.025272917601315985,0.0009,-0.0018,0.0002,-0.0014,0.0023,-0.0002
scale_pos_weight_10,class_weight,none,binary:logistic,10.0,0.535,338,False,0.9878929321425918,0.9698850984543769,0.9871471012376543,12.4,validation_late 33-34,0.7994921179610934,0.932750680495223,0.7719128329297821,0.8116089613034623,0.7359187442289935,797,185,286,16670,1083,0.06496700659868027,0.9219701437370276,0.974067645257017,0.8855388051367951,0.9042189281641961,0.8676148796498906,793,84,121,9983,914,0.09155564459581288,0.040733602009389205,0.6913136312550952,0.029197080291970802,0.0380952380952381,0.023668639053254437,4,101,165,6687,169,0.025272917601315985,-0.0016,-0.0328,-0.0008,-0.0176,-0.0012,0.002
scale_pos_weight_20,class_weight,none,binary:logistic,20.0,0.465,252,False,0.9862184373885003,0.9652998291979907,0.9853169008206658,11.1,validation_late 33-34,0.7985321667966684,0.929848997563552,0.7113265755839577,0.6804384485666105,0.7451523545706371,807,379,276,16670,1083,0.06496700659868027,0.9221877098377896,0.9736102957800071,0.8459915611814346,0.8167006109979633,0.8774617067833698,802,180,112,9983,914,0.09155564459581288,0.03921188632297861,0.67714894211932,0.02680965147453083,0.024509803921568627,0.029585798816568046,5,199,164,6687,169,0.025272917601315985,-0.0025,-0.0934,-0.0006,-0.0572,-0.0027,-0.0003
scale_pos_weight_50,class_weight,none,binary:logistic,50.0,0.895,118,False,0.9767872670774777,0.9622318900051777,0.9759862513890819,6.4,validation_late 33-34,0.7927315121005835,0.9357746627054614,0.7330861909175163,0.7358139534883721,0.7303785780240074,791,284,292,16670,1083,0.06496700659868027,0.9183930122812602,0.9758940271437094,0.8638858397365532,0.8667400881057269,0.8610503282275711,787,121,127,9983,914,0.09155564459581288,0.0393431733381256,0.7034901982856759,0.023809523809523808,0.023952095808383235,0.023668639053254437,4,163,165,6687,169,0.025272917601315985,-0.0083,-0.0716,-0.0044,-0.0393,-0.0025,-0.0033
recency_linear,recency,linear decay,binary:logistic,9.6381,0.4,284,False,0.988712641385547,0.9731257858478911,0.9882172003088758,11.7,validation_late 33-34,0.8070386289091009,0.9400203936786824,0.7631703844328429,0.78515625,0.7423822714681441,804,220,279,16670,1083,0.06496700659868027,0.9247948675131348,0.9770549540804718,0.8681917211328976,0.8644251626898047,0.8719912472647703,797,125,117,9983,914,0.09155564459581288,0.04833252044981184,0.7204491521884775,0.05166051660516605,0.06862745098039216,0.04142011834319527,7,95,162,6687,169,0.025272917601315985,0.006,-0.0415,0.002,-0.035,0.0064,0.0245
recency_exp_hl12,recency,exponential half-life 12,binary:logistic,9.6381,0.67,208,False,0.9895344963617007,0.972314913733732,0.9889339620558876,7.5,validation_late 33-34,0.8044663054861485,0.9398608033389095,0.8010101010101011,0.8840579710144928,0.7322253000923361,793,104,290,16670,1083,0.06496700659868027,0.9231894210581788,0.9761871844186063,0.8995433789954338,0.9403341288782816,0.862144420131291,788,50,126,9983,914,0.09155564459581288,0.045769138020844945,0.7244036087593574,0.043859649122807015,0.0847457627118644,0.029585798816568046,5,54,164,6687,169,0.025272917601315985,0.0034,-0.0037,0.0004,-0.0036,0.0039,0.0167
recency_exp_hl6,recency,exponential half-life 6,binary:logistic,9.6381,0.57,198,False,0.9897124028490615,0.973245083109279,0.9890749119006098,10.1,validation_late 33-34,0.8036362526764795,0.9387309937768655,0.7953976988494247,0.8679039301310044,0.7340720221606648,795,121,288,16670,1083,0.06496700659868027,0.922435868237973,0.9763233879426223,0.8956916099773242,0.9294117647058824,0.8643326039387309,790,60,124,9983,914,0.09155564459581288,0.04790801972613168,0.718512775727117,0.0425531914893617,0.07575757575757576,0.029585798816568046,5,61,164,6687,169,0.025272917601315985,0.0026,-0.0093,-0.0004,-0.0075,0.006,0.0154
