feature,count,missing,mean,std,min,max,p01,p25,median,p75,p99,skew,zero_fraction,negative_count,constant,near_constant,mean_early_1_34,mean_late_35_49,corr_with_illicit
Local_feature_1,203769,0,1.8132405939826572e-17,1.0000000000000002,-0.1729826317563209,71.68196572491433,-0.17297619191040228,-0.17252728389593638,-0.1692180630983769,-0.1319761042373103,2.538536177812551,28.92071424928454,0.0,177229,False,False,0.016398331051996243,-0.03310201737378925,-0.053019576228464524
Local_feature_2,203769,0,2.067791677368684e-17,1.0,-0.2105525792397442,73.59505187347129,-0.1973305070360155,-0.1794905458715483,-0.1328974958192544,-0.0552424123987645,2.4258607994109167,18.049334384671987,0.0,167489,False,False,-0.11568436478989617,0.2335229018738957,-0.04046171294754184
Local_feature_3,203769,0,9.149890997327871e-17,1.0,-1.756361477431697,2.683579928609369,-1.2013688016765636,-1.2013688016765636,0.463609225588836,1.018601901343969,1.5735945770991024,-0.059131750086909456,0.0,95600,False,False,-0.3354922530237802,0.677231747130451,0.019519983929635523
Local_feature_4,203769,0,6.729912204589479e-17,1.0,-0.1219695997591005,49.027598384636185,-0.1219695997591005,-0.1219695997591005,-0.1219695997591005,-0.1219695997591005,1.979080634688332,24.834992990031115,0.0,178585,False,False,-0.002297811096285703,0.004638410005852196,-0.03317826010460343
Local_feature_5,203769,0,7.573766481019869e-17,0.9999999999999997,-0.0637245732388369,260.0907072901824,-0.0637245732388369,-0.0438745479173489,-0.0438745479173489,-0.0438745479173489,0.4523760851198501,89.82893062818215,0.0,189790,False,False,0.0009782205597853322,-0.0019746566807767743,-0.016235231585679372
Local_feature_6,203769,0,5.87210992358999e-17,1.0,-0.1130020092847624,54.565177536137725,-0.1130020092847624,-0.1130020092847624,-0.1130020092847624,-0.1130020092847624,1.815829477747012,28.064951123831538,0.0,182711,False,False,-0.005142117113597092,0.010379986200575791,-0.031196175507597925
Local_feature_7,203769,0,2.371160776746552e-17,0.9999999999999998,-0.0615837940730322,113.44087296182435,-0.0615837940730322,-0.0615837940730322,-0.0615837940730322,-0.0615837940730322,1.155600728778415,57.49224844724279,0.0,194472,False,False,0.008143152577826157,-0.01643793976678555,-0.025372555365724143
Local_feature_8,203769,0,3.12435302347781e-17,0.9999999999999998,-0.163645855973998,73.35456529817212,-0.1636452042273636,-0.1635167845196815,-0.1620639033585865,-0.1359576119007694,2.563750008736026,30.66266497634978,0.0,178499,False,False,0.017371607958384955,-0.03506669469141621,-0.04446365018669088
Local_feature_9,203769,0,4.519153480387546e-17,1.0,-0.1694602855322498,72.31839570414574,-0.16945395846279507,-0.1690735069805248,-0.16625022805754502,-0.13239800539534025,2.5472218442113026,29.525054074749153,0.0,177616,False,False,0.016534175478573398,-0.03337623580214283,-0.050849787025476025
Local_feature_10,203769,0,4.700477539785812e-17,1.0000000000000002,-0.0497069643940398,189.1869442387643,-0.0497069643940398,-0.0497069643940398,-0.0497069643940398,-0.0497069643940398,0.5562655584192151,57.553595335310064,0.0,193406,False,False,-0.0010140197494540473,0.0020469216810871113,-0.026085028973540023
Local_feature_11,203769,0,1.3669044477715417e-17,1.0,-0.1659494134127653,73.27021730801992,-0.1659443595514745,-0.1656271821201107,-0.16337327261766138,-0.13428221749381952,2.561592495515913,30.628418531538916,0.0,178148,False,False,0.0173805210128677,-0.035084686771426773,-0.04784113774978557
Local_feature_12,203769,0,5.3089592391126844e-17,1.0,-2.516704748133169,2.459222176419839,-2.516704748133169,-0.0287412858566647,-0.0287412858566647,-0.0287412858566647,2.459222176419839,0.016719565041160424,0.0,178115,False,False,-0.018736836501265248,0.037822573859977615,0.035239968505328824
Local_feature_13,203769,0,-6.6601721817439915e-18,1.0,-2.486106024623408,2.415324919421781,-2.486106024623408,-0.0353905526008135,-0.0353905526008135,-0.0353905526008135,2.415324919421781,0.06614866907547091,0.0,177908,False,False,-0.019509238152407193,0.03938176014516792,0.025603633496354937
Local_feature_14,203769,0,4.8608795923304316e-17,1.0,-0.0631999532943942,265.2632358473182,-0.0631999532943942,-0.0429552992580282,-0.0429552992580282,-0.0429552992580282,0.4631610516511213,96.67168900439849,0.0,189957,False,False,0.0009619242924927141,-0.0019417606914669358,-0.016229338235221154
Local_feature_15,203769,0,8.738424862539498e-17,1.0,-0.0132816148700588,119.4775779010853,-0.0132816148700588,-0.0132816148700588,-0.0132816148700588,-0.0132816148700588,-0.0132816148700588,106.9260997586337,0.0,203463,False,False,-0.0003238199975794239,0.000653669885815176,-0.006166380780350871
Local_feature_16,203769,0,4.268089398143793e-17,1.0,-0.0574012098193686,183.2574615527529,-0.05739787356124953,-0.057160506031683975,-0.05605826738336865,-0.0482831844758748,0.7489642105538261,45.258267561511055,0.0,186454,False,False,-0.0006043219203749218,0.00121989699099189,-0.016088263953757908
Local_feature_17,203769,0,1.227424402080568e-17,1.0,-0.1711503252396257,73.1839534483678,-0.17114399484969534,-0.170771278208989,-0.1679144419097868,-0.13424259566459784,2.5910712670660545,25.505685169600305,0.0,177631,False,False,0.016924233633405217,-0.03416361543102459,-0.05182376100887678
Local_feature_18,203769,0,-3.4312091239979515e-17,1.0,-0.1729081406182527,48.43302002011888,-0.1729081406182527,-0.17276131241769602,-0.1706280489599764,-0.13938676056080185,2.7969850626093344,25.27185431762574,0.0,178183,False,False,0.022317608552580276,-0.04505079594421462,-0.0637506687075309
Local_feature_19,203769,0,3.459105133136146e-17,1.0,-0.1762641385547161,44.60486222236912,-0.17625546000138154,-0.17573493170465668,-0.17220137546943348,-0.1367301003144625,2.8665380766307402,24.795495358170182,0.0,177372,False,False,0.022720968477474974,-0.045865026807049444,-0.056873106090933115
Local_feature_20,203769,0,1.0014667280611907e-16,1.0,-1.373657177393896,0.8870578724766534,-1.373657177393896,-1.373657177393896,0.8870578724766534,0.8870578724766534,0.8870578724766534,-0.4459787330404548,0.0,92748,False,False,0.012211257458551856,-0.02464990219235885,0.044724238912495405
Local_feature_21,203769,0,-8.954618933360507e-17,1.0000000000000002,-1.37145982760274,0.8845565252702963,-1.37145982760274,-1.37145982760274,0.8845565252702963,0.8845565252702963,0.8845565252702963,-0.44469981809551956,0.0,92911,False,False,0.011199545472225715,-0.022607639010596956,0.04245985269459969
Local_feature_22,203769,0,1.2553204112187627e-17,1.0,-0.1397318592587936,25.474087055086024,-0.13973185834026974,-0.13973169400468868,-0.13972824347774343,-0.1396028306694571,5.021244080565447,14.372291852034447,0.0,193980,False,False,0.0027920068571229933,-0.005636004005478346,-0.08317038569860452
Local_feature_23,203769,0,3.3475210965833674e-17,0.9999999999999999,-0.148912306318865,16.19503796934902,-0.14891230126121713,-0.1489119569977315,-0.14890684775134544,-0.1487722546441505,3.386324356489174,12.34454529154963,0.0,191475,False,False,0.02544654958409728,-0.05136694238974116,-0.09516816787483556
Local_feature_24,203769,0,3.487001142274341e-17,0.9999999999999998,-0.0801472696533522,23.31328374178104,-0.0801472696533522,-0.0801472696533522,-0.0801472696533522,-0.0801472696533522,1.524106290759738,18.76855720366655,0.0,200149,False,False,0.03557036548397813,-0.07180309096756217,-0.05540200005080357
Local_feature_25,203769,0,2.5106408224375254e-17,1.0,-0.1556619811636361,21.54802869234868,-0.15566197476706176,-0.15566158764021354,-0.1556561800863789,-0.15550001756317028,4.359644348795328,11.877102778898982,0.0,191763,False,False,0.01928597196771864,-0.03893107030962954,-0.0974098246047287
Local_feature_26,203769,0,8.103790654645568e-17,1.0,-2.7009123548424703,2.679386335816796,-2.7009123548424703,-0.010763009512837,-0.010763009512837,-0.010763009512837,2.679386335816796,0.0351395889791383,0.0,181990,False,False,-0.006605108355474333,0.01333321121796538,0.024918313876570515
Local_feature_27,203769,0,4.554023491810289e-17,1.0000000000000002,-2.689591904473107,2.6653770009181503,-2.689591904473107,-0.0121074517774784,-0.0121074517774784,-0.0121074517774784,2.6653770009181503,0.044378925665948546,0.0,181881,False,False,-0.007270370062470096,0.014676122549211747,0.02195553823456817
Local_feature_28,203769,0,8.25721870490564e-17,0.9999999999999999,-0.1397336590854055,25.47797286839953,-0.13973365816674235,-0.13973349405467042,-0.1397300453166028,-0.1396046591709141,5.022025603849405,14.375793149996268,0.0,193980,False,False,0.002805540012950692,-0.005663322319638443,-0.08316986645449695
Local_feature_29,203769,0,-8.368802741458419e-18,0.9999999999999999,-0.1489076053975233,16.19613125140378,-0.1489076003820607,-0.1489072560531233,-0.1489021636236577,-0.14876759335303447,3.3865449993099355,12.346532137789264,0.0,191475,False,False,0.025458331774636023,-0.051390726168383645,-0.0951641588577046
Local_feature_30,203769,0,3.4312091239979515e-17,1.0,-0.0801467358465918,23.31326595007437,-0.0801467358465918,-0.0801467358465918,-0.0801467358465918,-0.0801467358465918,1.5224334072696464,18.768670609848336,0.0,200149,False,False,0.03557047170480048,-0.0718033053870568,-0.05540175877584605
Local_feature_31,203769,0,5.3839297636715826e-17,1.0,-0.1556619512004541,21.550349053699176,-0.15566194481431483,-0.15566155789112934,-0.1556561495030057,-0.1555003637972548,4.360127108654699,11.879126012612616,0.0,191763,False,False,0.019298874443686696,-0.03895711552010314,-0.09740886012112657
Local_feature_32,203769,0,7.929440597531851e-17,1.0000000000000002,-2.7007850388186303,2.679447916670936,-2.7007850388186303,-0.0106685610738475,-0.0106685610738475,-0.0106685610738475,2.679447916670936,0.035285706158701184,0.0,181993,False,False,-0.006624241824406982,0.013371834442445461,0.024993520905365198
Local_feature_33,203769,0,1.4331574694747542e-17,1.0,-2.68931792469207,2.6653075604552345,-2.68931792469207,-0.0120051821184178,-0.0120051821184178,-0.0120051821184178,2.6653075604552345,0.044934751334286094,0.0,181884,False,False,-0.007293244929031629,0.01472229823796485,0.02195416963652984
Local_feature_34,203769,0,2.678016877266694e-17,0.9999999999999998,-0.0246688306562535,287.8915151668281,-0.0246688306562535,-0.0246688306562535,-0.0246688306562535,-0.0246688306562535,-0.013383982052172717,148.63915323281398,0.0,202053,False,False,-0.017096319593021412,0.03451099178327646,-0.016793838432210415
Local_feature_35,203769,0,7.636532501580806e-18,0.9999999999999998,-0.0312723904866303,269.70118370902566,-0.0312723904866303,-0.0312723904866303,-0.0312723904866303,-0.0312723904866303,0.0079130739063416,143.35156820052455,0.0,200565,False,False,-0.020988996374478725,0.04236883134283668,-0.021574509918648004
Local_feature_36,203769,0,4.463361462111156e-18,1.0,-0.0230451563960962,289.20438805244663,-0.0230451563960962,-0.0230451563960962,-0.0230451563960962,-0.0230451563960962,-0.006890152962328675,55.29914466625838,0.0,201896,False,False,-0.009238965508527309,0.018649970890904588,-0.019267072216821463
Local_feature_37,203769,0,2.0015386556654718e-17,0.9999999999999999,-0.0262146551774309,280.56622174908955,-0.0262146551774309,-0.0262146551774309,-0.0262146551774309,-0.0262146551774309,0.0115511627518126,148.5226350762191,0.0,201485,False,False,-0.01704580257703698,0.034409017067985,-0.01792739951791342
Local_feature_38,203769,0,-1.0108816311453314e-16,1.0000000000000002,-6.996605816150668,6.999461443570087,-4.883620729327862,0.0014278137097094,0.0014278137097094,0.0014278137097094,5.071009778467057,0.12175531341002702,0.0,3239,False,False,0.004004393422292507,-0.008083353130014004,0.0010421213852779495
Local_feature_39,203769,0,-5.244449717980609e-17,0.9999999999999998,-6.996013374946504,6.998978662521104,-4.579453810641241,0.0014826437872997,0.0014826437872997,0.0014826437872997,5.079986056589788,0.13843905157339903,0.0,3257,False,False,0.0036374686633289825,-0.007342671062567587,0.0009690068965111264
Local_feature_40,203769,0,2.3990567858847466e-17,1.0,-0.2272154464478222,9.437937665605352,-0.2272154464478222,-0.2272154464478222,-0.2272154464478222,-0.2265626314497832,4.55962148482486,6.529481163639184,0.0,182521,False,False,-0.03474458525252569,0.07013615355290742,-0.09079538324728302
Local_feature_41,203769,0,2.0364086670882152e-17,0.9999999999999999,-0.2393683687143703,16.68284830534564,-0.2393683687143703,-0.2393683687143703,-0.2393683687143703,-0.236927525195943,5.85782390930338,6.748347347727798,0.0,180392,False,False,-0.025750158896962427,0.05197981456064782,-0.10565813139063197
Local_feature_42,203769,0,2.9709249732177383e-17,1.0,-0.0752555315462277,54.41744275112834,-0.0752555315462277,-0.0752555315462277,-0.0752555315462277,-0.0752555315462277,2.05817918396795,31.393589936438055,0.0,199735,False,False,0.024586165986198123,-0.049630153888748495,-0.051419663995522426
Local_feature_43,203769,0,5.411825772809777e-17,1.0,-0.2349515175665409,16.714295820075115,-0.2349515175665409,-0.2349515175665409,-0.2349515175665409,-0.2332846231289939,4.450410930638696,6.534512393389371,0.0,180862,False,False,-0.029781266973999267,0.06011709445684024,-0.09952834186157143
Local_feature_44,203769,0,-5.021281644875051e-18,0.9999999999999997,-3.7507099803843578,3.8256460379331294,-3.7507099803843578,0.0374680287743863,0.0374680287743863,0.0374680287743863,3.8256460379331294,-0.3054318526251844,0.0,13777,False,False,-0.006638140315072826,0.013399890229285148,0.01330087022056924
Local_feature_45,203769,0,-8.591970814563976e-17,1.0,-3.727742256608096,3.814630699275978,-3.727742256608096,0.0434442213339417,0.0434442213339417,0.0434442213339417,3.814630699275978,-0.32874035006094793,0.0,14023,False,False,-0.007157814771943415,0.014448916062789712,0.016517330546070085
Local_feature_46,203769,0,5.07707366315144e-17,1.0,-0.2272033238276858,11.263429016032706,-0.2272033238276858,-0.2272033238276858,-0.2272033238276858,-0.22669127716631,4.705381553410482,6.447298724043375,0.0,183054,False,False,-0.033618925147188845,0.06786387229163643,-0.09010559290977331
Local_feature_47,203769,0,2.3432647676083572e-17,1.0,-0.2432360925423977,10.995786300058048,-0.2432360925423977,-0.2432360925423977,-0.2432360925423977,-0.241261649255392,5.783689436743113,6.159902262447762,0.0,180729,False,False,-0.027109967533760267,0.054724752992325314,-0.10747045738558425
Local_feature_48,203769,0,0.0,0.9999999999999998,-0.0978946778840727,46.02341057299568,-0.0978946778840727,-0.0978946778840727,-0.0978946778840727,-0.0978946778840727,2.9926538778468577,15.676701564822839,0.0,199750,False,False,0.030961334327381723,-0.06249920333794942,-0.06764047593912255
Local_feature_49,203769,0,2.7338088955430833e-17,1.0,-0.2358964234692872,11.185903135158474,-0.2358964234692872,-0.2358964234692872,-0.2358964234692872,-0.2345456706363028,4.667140598983854,6.347544175662018,0.0,181122,False,False,-0.030235609604797133,0.061034240086413075,-0.09924019029399286
Local_feature_50,203769,0,1.6737605482916837e-18,0.9999999999999999,-3.768681859847455,3.841835160600853,-3.768681859847455,0.0365766503766988,0.0365766503766988,0.0365766503766988,3.841835160600853,-0.33397193733402747,0.0,13588,False,False,-0.005816032453513734,0.011740365938029088,0.012608932523928315
Local_feature_51,203769,0,-6.067381987557353e-17,1.0,-3.745387250524128,3.830077520137948,-3.745387250524128,0.0423451348069101,0.0423451348069101,0.0423451348069101,3.830077520137948,-0.352497872177152,0.0,13808,False,False,-0.006395060628050952,0.012909204439515256,0.015610526184737558
Local_feature_52,203769,0,3.3475210965833674e-17,1.0,-0.4140357237271621,7.999066437460589,-0.4140314682621711,-0.4140163339068403,-0.4138898882555552,-0.265491957517901,4.6125596073765545,3.0091682581075223,0.0,164746,False,False,0.024654659488903267,-0.04976841631986323,-0.17439073828536908
Local_feature_53,203769,0,1.7853445848444625e-17,1.0,-0.4883655876702359,6.50877929661582,-0.4883620484162816,-0.4883426966890153,-0.4878715620487178,-0.1199058462822417,3.701129522112805,2.3683431272880413,0.0,157086,False,False,0.039578683798073784,-0.07989436696705157,-0.27089361732797174
Local_feature_54,203769,0,6.388186092646593e-17,0.9999999999999998,-0.2325526205785921,15.543520572729502,-0.2325526205785921,-0.2325526205785921,-0.2325526205785921,-0.2325526205785921,5.238142797132976,5.88289998417496,0.0,185425,False,False,0.039805468629969344,-0.08035215961822943,-0.14358073482931133
Local_feature_55,203769,0,-3.12435302347781e-17,0.9999999999999999,-0.4675834381779791,7.605134439049902,-0.4675793548841297,-0.4675578846616315,-0.46711202354956066,-0.1406841858694688,4.356788630297008,2.6730057457333425,0.0,158874,False,False,0.03626427324211572,-0.07320382782258154,-0.23324066595790222
Local_feature_56,203769,0,-9.67991517095357e-17,1.0,-2.8419287206867487,2.9394623563965188,-2.8419287206867487,0.0487668178548852,0.0487668178548852,0.0487668178548852,2.9394623563965188,-0.1828146045455748,0.0,20947,False,False,-0.007205129309140471,0.014544426186735664,-0.01179999966045787
Local_feature_57,203769,0,-7.225066366792434e-17,1.0,-2.8314312761792,2.9373434052263683,-2.8314312761792,0.0529560645235839,0.0529560645235839,0.0529560645235839,2.9373434052263683,-0.19807871651099268,0.0,21221,False,False,-0.007389447202883743,0.014916494179618205,-0.010921016046855548
Local_feature_58,203769,0,3.738065224518093e-17,0.9999999999999999,-0.0391511391206107,102.27184926020227,-0.039151138671344135,-0.0391510278106198,-0.0391499358547978,-0.03913272206219775,0.1878594246077126,47.404994669471755,0.0,200597,False,False,0.0012703271958170587,-0.002564309305197141,-0.024405937523566065
Local_feature_59,203769,0,3.040664996063225e-17,0.9999999999999998,-0.1728954928192158,14.878400465056943,-0.1728954881723139,-0.17289456895752708,-0.17287682161274542,-0.1725295916842825,3.0827368602723584,10.789164564004556,0.0,188851,False,False,0.03469662867112389,-0.07003934738490618,-0.1148127955937097
Local_feature_60,203769,0,1.7853445848444625e-17,1.0,-0.1631259900993975,15.86384009086892,-0.1631259900993975,-0.16312577389322888,-0.16311659285030022,-0.16290446686697924,3.2709661433577213,11.750116671317736,0.0,190108,False,False,0.046651178234136545,-0.0941710535979441,-0.10639958507341535
Local_feature_61,203769,0,7.420338430759797e-17,1.0,-0.1609329571184793,29.84856298123516,-0.16093295107563152,-0.160931896867837,-0.16091416920466772,-0.16059179044672997,3.0545243075963424,12.178234662329668,0.0,189553,False,False,0.04692130308456726,-0.09471633332570556,-0.10629971811391466
Local_feature_62,203769,0,-5.579201827638946e-17,1.0,-1.316342283664295,0.9234729775583688,-1.316342283664295,-1.316342283664295,0.6689390081240543,0.9234729775583688,0.9234729775583688,-0.3604609794615105,0.0,96364,False,False,0.011532690667131973,-0.02328013293671343,-0.05100802184449827
Local_feature_63,203769,0,1.6737605482916837e-18,0.9999999999999997,-1.3153883882753692,0.9230107104495158,-1.3153883882753692,-1.3153883882753692,0.5877994728708626,0.9230107104495158,0.9230107104495158,-0.36158426347547346,0.0,96405,False,False,0.01093867350205269,-0.02208103734234141,-0.05150352950474086
Local_feature_64,203769,0,5.23747571569606e-17,1.0,-0.0391464236690936,102.29294052325992,-0.0391464236690936,-0.03914631358970308,-0.039145258729762,-0.039128139108767925,0.187910927523706,47.46992518763449,0.0,200597,False,False,0.0012781906898750926,-0.002580182720369065,-0.02440552944056629
Local_feature_65,203769,0,3.765961233656288e-17,0.9999999999999998,-0.172884452409448,14.879594478270931,-0.1728844483142052,-0.17288355119822824,-0.1728661253375458,-0.172524121987538,3.0829858034520163,10.791115152966485,0.0,188851,False,False,0.03471542691745661,-0.0700772939219459,-0.11480505894306654
Local_feature_66,203769,0,-1.3948004569097364e-17,0.9999999999999999,-0.1631146528780142,15.864011014296151,-0.1631146528780142,-0.16311443882120713,-0.1631053469300452,-0.1628956181150762,3.2710116667860754,11.751028530270904,0.0,190108,False,False,0.04665903278148341,-0.09418690895307648,-0.10639186818127541
Local_feature_67,203769,0,2.0364086670882152e-17,1.0,-0.1609260713191863,29.849694670446905,-0.16092606618439628,-0.1609250328215533,-0.16090748645520964,-0.16058889876084986,3.0546517061159966,12.178233994057537,0.0,189553,False,False,0.04693011461195307,-0.09473412046097679,-0.10629624712264205
Local_feature_68,203769,0,6.946106275410487e-17,0.9999999999999999,-1.3163333780274464,0.9235162990740676,-1.3163333780274464,-1.3163333780274464,0.6690954239918074,0.9235162990740676,0.9235162990740676,-0.36081948771222444,0.0,96364,False,False,0.011150172521736883,-0.022507973730009373,-0.05043290086386508
Local_feature_69,203769,0,6.165018019541034e-17,0.9999999999999999,-1.315375381290753,0.9231101257685776,-1.315375381290753,-1.315375381290753,0.5873372997096781,0.9231101257685776,0.9231101257685776,-0.361943314556008,0.0,96404,False,False,0.010603762654894296,-0.021404979233349795,-0.05089682241397409
Local_feature_70,203769,0,5.499000801366636e-17,1.0000000000000002,-0.0170316758803496,152.18880643416273,-0.0170316758803496,-0.0170316758803496,-0.0170316758803496,-0.0170316758803496,-0.01692551326110127,72.41381258578659,0.0,203219,False,False,0.0005518845033064044,-0.001114045713484111,-0.0016815253518760247
Local_feature_71,203769,0,1.4157224637633824e-17,0.9999999999999998,-0.0300262352777919,137.8518615316888,-0.0300262352777919,-0.0300262352777919,-0.0300262352777919,-0.0300262352777919,0.0350761708037147,85.16134615964829,0.0,201102,False,False,-0.019879222234004953,0.04012861782588278,-0.019501004580946637
Local_feature_72,203769,0,2.7128868886894373e-17,0.9999999999999998,-0.0176401196299049,146.4729297491908,-0.0176401196299049,-0.0176401196299049,-0.0176401196299049,-0.0176401196299049,0.0217931328191827,89.96013014299437,0.0,199606,False,False,-0.011098178949297124,0.02240301840667416,-0.011123750874759402
Local_feature_73,203769,0,7.629558499296258e-17,1.0,-0.0150709000018306,151.03517899926916,-0.0150709000018306,-0.0150709000018306,-0.0150709000018306,-0.0150709000018306,0.0249723614322767,90.09279915640292,0.0,199326,False,False,-0.008228328721196316,0.01660987812861888,-0.008276541168232447
Local_feature_74,203769,0,6.416082101784787e-18,1.0,-2.4284255232812764,2.14689907836121,-2.4284255232812764,-0.1407632224600331,-0.1407632224600331,-0.1407632224600331,2.14689907836121,0.302749274035584,0.0,173722,False,False,0.014704581496607796,-0.029682978751360976,-0.10934463000591454
Local_feature_75,203769,0,1.5063844934625152e-17,0.9999999999999999,-2.429065026252751,2.148395778478105,-2.429065026252751,-0.140334623887323,-0.140334623887323,-0.140334623887323,2.148395778478105,0.3062327525914097,0.0,173847,False,False,0.015274102868121338,-0.03083262661951862,-0.10873621209937763
Local_feature_76,203769,0,7.573766481019869e-17,0.9999999999999998,-0.0954026892728408,76.20379958581465,-0.0954026892728408,-0.0954026892728408,-0.0954026892728408,-0.0952533127700787,2.124630894777478,16.951610951347778,0.0,197389,False,False,-0.006060570632311855,0.012233995870077901,-0.02932990943001115
Local_feature_77,203769,0,3.12435302347781e-17,1.0,-0.2644245982707773,15.22063179384561,-0.2644245982707773,-0.2644245982707773,-0.2641148360056458,-0.25424931544313534,6.467394160675395,6.877598494932749,0.0,175933,False,False,-0.01719852233152484,0.034717300389707266,-0.1188052798335832
Local_feature_78,203769,0,3.2359370600305886e-17,1.0,-0.250573517311816,15.67769720385299,-0.250573517311816,-0.250573517311816,-0.2504129714046305,-0.24472591784252207,6.673178932282382,7.126877653259941,0.0,178135,False,False,-0.011909256723826488,0.02404027713133942,-0.11199381371903845
Local_feature_79,203769,0,4.6865295352167144e-17,1.0,-0.2637525974280905,16.53920519180211,-0.2637525974280905,-0.2637525974280905,-0.2634154095977244,-0.25466086214834244,6.527901129991812,6.860777287786721,0.0,176214,False,False,-0.011183891916744227,0.022576040412928072,-0.11327054453546503
Local_feature_80,203769,0,-1.3404032390902568e-16,1.0000000000000002,-1.4717644946197317,1.1335266830129689,-1.4717644946197317,-0.5532329793011432,-0.1691189058033812,1.1335266830129689,1.1335266830129689,-0.22732358911621914,0.0,123452,False,False,0.028593550176243102,-0.05771954424587574,-0.09412881244714628
Local_feature_81,203769,0,-8.926722924222312e-17,0.9999999999999999,-1.470277463738429,1.1359467007331423,-1.470277463738429,-0.5587136048962267,-0.1671653815026433,1.1359467007331423,1.1359467007331423,-0.22516085195859376,0.0,123911,False,False,0.029068389808026496,-0.058678065554508586,-0.09183338078494636
Local_feature_82,203769,0,1.3529564432024443e-17,1.0,-0.059135245696468,142.52690508762018,-0.059135245696468,-0.0590130547854711,-0.0590130547854711,-0.0588908638744741,1.1737710462631357,36.84645950139292,0.0,197706,False,False,0.003492120566558068,-0.007049268324875502,-0.028343167910945995
Local_feature_83,203769,0,3.905441279347262e-17,1.0,-0.2624332162038817,10.623301818155577,-0.2624238875355379,-0.2624238875355379,-0.2622093281636314,-0.2567147425091538,5.831426092677141,5.853252167518703,0.0,177723,False,False,-0.019990345219093892,0.04035293303032875,-0.1243897803903479
Local_feature_84,203769,0,5.467617791086167e-17,1.0,-0.2551681497514608,10.928449928222474,-0.2551681497514608,-0.2551681497514608,-0.2550435583858694,-0.2517850149780935,6.0052879586218575,5.907694916842076,0.0,179801,False,False,-0.016288569879773337,0.032880451153472684,-0.11824352852062461
Local_feature_85,203769,0,7.252962375930629e-18,1.0,-0.2592700461494278,21.91218969215989,-0.259251046036533,-0.259251046036533,-0.2590230446817953,-0.2543680170225667,5.946556327610083,6.034399767119346,0.0,178553,False,False,-0.013793752270652562,0.027844359640296454,-0.11992986737867777
Local_feature_86,203769,0,-2.915132954941349e-17,1.0,-1.4999715377938674,1.1255896087380572,-1.4999715377938674,-0.39580175182312544,-0.1871909645279049,1.1255896087380572,1.1255896087380572,-0.24565413889363016,0.0,122940,False,False,0.03085865453689026,-0.062291931744348966,-0.07599078391185873
Local_feature_87,203769,0,-1.562176511738905e-17,1.0000000000000002,-1.498585280585486,1.1280380290020882,-1.498585280585486,-0.3695124350777249,-0.1852736257916989,1.1280380290020882,1.1280380290020882,-0.24383021937854021,0.0,123358,False,False,0.03116346158870921,-0.0629072216963496,-0.0738297163118441
Local_feature_88,203769,0,4.017025315900041e-17,1.0,-0.2939108636255499,12.493004116626215,-0.2938967893063032,-0.29388131719507654,-0.2937732052153839,-0.276361472850924,5.52226049889214,5.035758047631768,0.0,174669,False,False,0.03286879704508375,-0.06634964786307818,-0.015881823599603318
Local_feature_89,203769,0,2.0573306739418612e-17,0.9999999999999998,-0.7619836871103436,6.887736616567928,-0.7619734267520778,-0.7532714400041188,-0.4923500811510884,0.46436333307280525,2.850798279494001,1.4454355052789536,0.0,133049,False,False,0.08485694808635857,-0.17129402747966915,-0.23376425906341622
Local_feature_90,203769,0,5.997641964711866e-17,1.0,-0.6942351992761703,6.506443749385812,-0.6942351992761703,-0.6924791518641773,-0.4815048483599257,0.37732266532166436,3.478302899101614,1.8027600432357627,0.0,136931,False,False,0.08739416088991259,-0.17641569882773153,-0.22691857758395237
Local_feature_91,203769,0,-1.3948004569097364e-17,1.0,-0.7210038201934161,7.650415004083549,-0.7209885472265989,-0.7127298113837905,-0.46759960382458876,0.3629976792620091,3.4679883541764074,1.88123057175125,0.0,135854,False,False,0.09177716091839606,-0.18526331524865544,-0.18909505914791014
Local_feature_92,203769,0,-2.371160776746552e-17,0.9999999999999998,-1.0849067857111534,1.135522751490673,-1.0849067857111534,-1.0849067857111534,0.0253079828897598,1.135522751490673,1.135522751490673,0.04084334261101199,0.0,92080,False,False,-0.012238646021015582,0.024705189322906843,-0.07873220157381013
Local_feature_93,203769,0,8.703554851116755e-17,1.0,-1.0848448955263614,1.135278702458467,-1.0848448955263614,-1.0848448955263614,0.0252169034660526,1.135278702458467,1.135278702458467,0.041055197502557254,0.0,92428,False,False,-0.011233474165005348,0.02267612818641117,-0.0793750460155085
Aggregate_feature_1,203769,0,3.86359726563997e-17,1.0,-0.1710987886776815,48.93995600633857,-0.1710934620012276,-0.1706368360757929,-0.16650628262174624,-0.11853679209366215,2.2930547623604274,22.766281706849128,0.0,175069,False,False,-0.00012730866555111262,0.00025698796088088985,-0.041531601479657475
Aggregate_feature_2,203769,0,2.3153687584701625e-17,1.0,-0.2031054951521766,127.1137090754536,-0.20307442352972144,-0.2018649726964518,-0.1933454941872096,-0.12341650053095646,2.796696346677234,15.535337544263284,0.0,171231,False,False,0.00021749463400189947,-0.0004390392614125397,-0.06868235412015745
Aggregate_feature_3,203769,0,-1.53428050260071e-17,0.9999999999999998,-0.1168167152870516,175.00892759887978,-0.1168167152870516,-0.1168167152870516,-0.1168167152870516,-0.1168167152870516,2.7384666325530755,17.79904860517101,0.0,188673,False,False,0.006536456820433512,-0.013194629779506077,-0.06568748099881089
Aggregate_feature_4,203769,0,3.12435302347781e-17,0.9999999999999998,-0.1933689842371244,47.86299005416505,-0.19333537708789905,-0.1920689220156711,-0.18331804186801826,-0.11565885109296953,2.4698292755078755,21.551545903957464,0.0,171786,False,False,0.002207522243794169,-0.004456151021430159,-0.05682896746282989
Aggregate_feature_5,203769,0,-7.057690311963266e-17,0.9999999999999999,-2.56610138532102,2.536783833938006,-2.56610138532102,-0.0146587756915064,-0.0146587756915064,-0.0146587756915064,2.536783833938006,0.047171938033208495,0.0,179148,False,False,-0.0071136841167005116,0.014359832990090247,0.01786554240433432
Aggregate_feature_6,203769,0,7.14137833937785e-17,0.9999999999999998,-2.5699855653062897,2.5322881393975263,-2.5699855653062897,-0.0188487129543817,-0.0188487129543817,-0.0188487129543817,2.5322881393975263,0.055655247012604464,0.0,178875,False,False,-0.008101406629573735,0.016353670514021045,0.014837625210957717
Aggregate_feature_7,203769,0,1.115840365527789e-16,1.0,-9.176781995490174,1.641390219968274,-1.459756053428126,-0.9412465003673446,-0.0376423262186435,0.9305621959702493,1.638581049652654,-0.1511116786463149,0.0,104930,False,False,-0.571938083872647,1.1545262947219634,0.01979452891868162
Aggregate_feature_8,203769,0,8.658921236495644e-16,0.9999999999999998,-9.34310101501089,1.657572009973156,-1.4942196725853405,-0.968600804439522,-0.049687838039233,0.9351106832441956,1.6566044074839923,0.015363843661342042,0.0,104654,False,False,-0.5791254637906671,1.1690348916131275,0.011479950719705161
Aggregate_feature_9,203769,0,3.765961233656288e-17,1.0,-0.0834587840195169,91.53577924205038,-0.0834587840195169,-0.0834587840195169,-0.0834587840195169,-0.0834587840195169,1.4010795384618047,35.253920013408596,0.0,194993,False,False,0.013184459480154618,-0.02661442834593993,-0.03539138512570163
Aggregate_feature_10,203769,0,2.0888531642680213e-15,0.9999999999999998,-9.31367335635949,1.6570870826702713,-1.486626280013999,-0.9619772283375436,-0.0455629329757928,0.9365577639282872,1.6555327673732827,-0.0009984196643261604,0.0,104810,False,False,-0.578018506242192,1.1668003637280429,0.014007552220309997
Aggregate_feature_11,203769,0,1.1521051774074423e-16,1.0,-2.959217341608463,2.7816218908687684,-2.959217341608463,-0.0887977253698474,-0.0887977253698474,-0.0887977253698474,2.7816218908687684,0.41007699846836837,0.0,182027,False,False,0.019211716234502674,-0.038781176118313096,0.008310135398513871
Aggregate_feature_12,203769,0,6.360290083508398e-17,1.0000000000000004,-2.950210021752904,2.769335857986752,-2.950210021752904,-0.0904370818830761,-0.0904370818830761,-0.0904370818830761,2.769335857986752,0.42850215555476345,0.0,181941,False,False,0.019891779291972837,-0.04015396576821676,0.008206970119627512
Aggregate_feature_13,203769,0,1.562176511738905e-17,0.9999999999999999,-0.1776642047613345,44.27936058181693,-0.1776642047613345,-0.1665499485646899,-0.1443214361714008,-0.1109786675814671,3.361625557179989,12.615948701407394,0.0,188966,False,False,-0.12559930538977582,0.25353741036000904,-0.06233095932449128
Aggregate_feature_14,203769,0,4.909697608322272e-17,0.9999999999999999,-0.2249851028367864,33.56991193142087,-0.2210756584555179,-0.2130354384635794,-0.1911902058025288,-0.15511330834603287,6.377965799024855,8.398156324788612,0.0,184380,False,False,-0.14432821443662597,0.2913439816930136,-0.09463102766468642
Aggregate_feature_15,203769,0,3.682273206241704e-17,0.9999999999999998,-0.1345464749557279,56.16192106565698,-0.1345464749557279,-0.1345464749557279,-0.1345464749557279,-0.1345464749557279,3.8277634365256215,12.626647882828808,0.0,189077,False,False,-0.07474801642737328,0.15088792454499203,-0.06636682748997519
Aggregate_feature_16,203769,0,4.017025315900041e-17,0.9999999999999999,-0.2054337453202604,42.26310479402007,-0.2006348004653149,-0.191036910755424,-0.1670421864806967,-0.1298349690096489,3.880834885548428,11.423168828297353,0.0,184657,False,False,-0.1396600981941714,0.2819208236611618,-0.07681005723013946
Aggregate_feature_17,203769,0,-5.1241481785721443e-17,0.9999999999999999,-3.0247776127566377,3.0184276323147503,-3.0247776127566377,-0.0031749902209437,-0.0031749902209437,-0.0031749902209437,3.0184276323147503,0.04900852294825679,0.0,184887,False,False,0.0031080357550159012,-0.006273946612896112,-0.0009145829945977856
Aggregate_feature_18,203769,0,6.829291737144296e-17,0.9999999999999999,-3.030689307195735,3.022501126469014,-3.030689307195735,-0.0040940903633603,-0.0040940903633603,-0.0040940903633603,3.022501126469014,0.047195297047974136,0.0,184883,False,False,0.0028187999587935063,-0.005690089126357947,-6.685460654239763e-05
Aggregate_feature_19,203769,0,-3.3475210965833674e-17,1.0,-1.6263847082437624,2.6140074062997964,-1.6263847082437624,-1.0963356939258175,-0.0362376652899277,1.023860363345962,2.083958391981852,0.11692257765485811,0.0,103269,False,False,-0.33585646231657906,0.6779669477006084,0.07584807484899579
Aggregate_feature_20,203769,0,-1.339008438633347e-16,1.0,-1.781033567057882,2.3285156571442163,-1.2673399140326196,-1.2673399140326196,0.2737410450431671,0.7874346980684294,1.8148220041189536,-0.11567711484742525,0.0,85502,False,False,-0.3207849516374631,0.6475432779514446,-0.03614431757366478
Aggregate_feature_21,203769,0,-2.259576740193773e-17,1.0,-0.3499327749819623,8.502634132783905,-0.3499327749819623,-0.3499327749819623,-0.3499327749819623,-0.3499327749819623,4.708676886598533,3.1388260621145667,0.0,175120,False,False,0.015573034358337639,-0.0314360560387166,-0.13895725459377112
Aggregate_feature_22,203769,0,-1.6960773556022394e-16,1.0,-1.7728274822514654,2.566265967349873,-1.230440801051298,-1.230440801051298,0.3967192425492039,0.9391059237493712,2.0238792861497057,-0.03431186414597319,0.0,93600,False,False,-0.34585771685777406,0.6981556913313424,0.022985646628763345
Aggregate_feature_23,203769,0,1.53428050260071e-18,1.0,-3.6757544092720513,3.667039181194905,-3.6757544092720513,-0.004357614038573,-0.004357614038573,-0.004357614038573,3.667039181194905,-0.027613740676270142,0.0,189937,False,False,0.0015707177592347856,-0.0031706840403573685,-0.003772467409597866
Aggregate_feature_24,203769,0,6.82754823657316e-17,0.9999999999999999,-3.673857397724112,3.665468657242984,-3.673857397724112,-0.0041943702405639,-0.0041943702405639,-0.0041943702405639,3.665468657242984,-0.02622127159722683,0.0,189931,False,False,0.0014952726006089232,-0.0030183888498836416,-0.003911645824423376
Aggregate_feature_25,203769,0,6.304498065232009e-17,1.0,-0.2209238181122596,70.2115465671922,-0.1164246038907396,-0.1164246038907396,-0.1164246038907396,-0.1164246038907396,2.49605575164726,30.1365566190053,0.0,189694,False,False,-0.031779205080205236,0.06415017451199578,-0.03459677178093249
Aggregate_feature_26,203769,0,-7.810882558694525e-18,1.0,-0.2377002836970927,40.93224257451208,-0.1766172824237854,-0.1766172824237854,-0.1766172824237854,-0.115534281150478,4.4834048847168875,18.0065872050736,0.0,177380,False,False,-0.03825317874326061,0.07721867447044233,-0.07222008516806194
Aggregate_feature_27,203769,0,-1.3948004569097363e-18,1.0,-0.1373232770907919,73.26416545479005,-0.1373232770907919,-0.1373232770907919,-0.1373232770907919,-0.1373232770907919,2.5525410389103,17.514234438658843,0.0,175219,False,False,-0.02622939256778175,0.05294720576926361,-0.059752985615116355
Aggregate_feature_28,203769,0,4.798113571769493e-17,1.0,-0.2492734854724706,65.00006946644746,-0.1524643713004826,-0.1524643713004826,-0.1524643713004826,-0.1040598142144886,2.9594646037581143,27.024275663238534,0.0,179721,False,False,-0.03526982407180334,0.07119641172581317,-0.05204643445506664
Aggregate_feature_29,203769,0,1.9248246305354363e-17,1.0,-3.32752369622712,3.275404318585944,-3.32752369622712,-0.0260596888205881,-0.0260596888205881,-0.0260596888205881,3.275404318585944,0.12713335709271162,0.0,186852,False,False,0.006032140356442787,-0.012176605914792776,-0.00737991251235004
Aggregate_feature_30,203769,0,3.9612332976236515e-17,0.9999999999999998,-3.330855200450645,3.2755357723936744,-3.330855200450645,-0.0276597140284855,-0.0276597140284855,-0.0276597140284855,3.2755357723936744,0.12061221289517972,0.0,186724,False,False,0.0056275319226320245,-0.01135985478551183,-0.008292022515747838
Aggregate_feature_31,203769,0,9.149890997327871e-17,0.9999999999999999,-0.0955592697148178,31.54943736376412,-0.0955592697148178,-0.0931447270142624,-0.0931447270142624,-0.0931447270142624,2.2489616925244653,19.376361273162505,0.0,194618,False,False,0.001510166541593024,-0.0030484540736988018,-0.055404407287747925
Aggregate_feature_32,203769,0,4.630737516940325e-17,1.0,-0.145125943418047,18.455157370037004,-0.145125943418047,-0.1437067244867594,-0.1437067244867594,-0.1422875055554718,3.834633591509292,11.672558435495283,0.0,193358,False,False,0.02368908871816036,-0.04781929477048951,-0.08783124323789536
Aggregate_feature_33,203769,0,8.089842650076471e-17,1.0,-0.0977185991261648,29.781530748239643,-0.0977185991261648,-0.0977185991261648,-0.0977185991261648,-0.0977185991261648,2.7106540634454084,18.087062771227977,0.0,196730,False,False,0.02804018261233611,-0.05660250479474854,-0.058869265433296444
Aggregate_feature_34,203769,0,1.3669044477715417e-17,1.0,-0.1294956950866637,26.52082928045737,-0.1294956950866637,-0.1274622504830055,-0.1274622504830055,-0.1254288058793473,3.450241188531297,14.442964391297552,0.0,191904,False,False,0.015063610607435836,-0.030407722496709574,-0.0765457639118717
Aggregate_feature_35,203769,0,-3.6857602073839784e-17,0.9999999999999998,-3.872193857810028,3.878480450673049,-3.872193857810028,0.0031432964315106,0.0031432964315106,0.0031432964315106,3.878480450673049,0.11917108673735309,0.0,12710,False,False,0.0022332338560280517,-0.004508053024867017,0.0010571690991171584
Aggregate_feature_36,203769,0,3.1383010280469068e-18,1.0,-3.8718493784430574,3.876701998216236,-3.8718493784430574,0.0024263098865888,0.0024263098865888,0.0024263098865888,3.876701998216236,0.12469519165700257,0.0,12631,False,False,0.0023826925217228945,-0.004809753443787011,0.0005681856996835464
Aggregate_feature_37,203769,0,3.2777810737378807e-17,0.9999999999999999,-0.1248952729564658,224.45867456554643,-0.1248882986991769,-0.1244473398658929,-0.1220293526173762,-0.09967337631614714,2.4966270947665405,105.3882333978665,0.0,178284,False,False,-0.0008171538260497526,0.001649523970529804,0.04075979444041984
Aggregate_feature_38,203769,0,3.682273206241704e-17,1.0,-0.2004228844066193,59.44855432270032,-0.20039058709636262,-0.19781521863805507,-0.18178890388878416,-0.0901719139535827,2.6573136302266844,21.63862786477876,0.0,167169,False,False,-0.009407842872381151,0.018990870304054955,-0.047673112280797784
Aggregate_feature_39,203769,0,4.463361462111156e-17,1.0,-0.1887158089232799,75.5009514039236,-0.1887158089232799,-0.18789994720749284,-0.17570629738173954,-0.09604553749925344,2.075374215639187,25.322133223206688,0.0,168779,False,False,-0.0019810577382846774,0.0039990049879590804,-0.04581093327538676
Aggregate_feature_40,203769,0,3.3475210965833674e-18,1.0,-0.2152305384933917,92.49166095951894,-0.2151742273989554,-0.21159332186977015,-0.19137921826228438,-0.08284531925786792,2.6519451533118885,35.355924194283425,0.0,166413,False,False,-5.058696635904263e-06,1.0211591862310809e-05,-0.032452415972208506
Aggregate_feature_41,203769,0,2.9848729777868357e-17,0.9999999999999999,-1.159648797029665,1.0642045463479908,-1.159648797029665,-1.159648797029665,-0.047722125340837,1.0642045463479908,1.0642045463479908,-0.08396132027326453,0.0,109678,False,False,-0.002948247444320159,0.005951394554379669,0.014509895200874357
Aggregate_feature_42,203769,0,3.7101692153798986e-17,1.0,-1.1601288555070002,1.0637874876466933,-1.1601288555070002,-1.1601288555070002,-0.0481706839301534,1.0637874876466933,1.0637874876466933,-0.08389778557557367,0.0,109506,False,False,-0.0032769849467212133,0.0066149910192796185,0.013815344760879374
Aggregate_feature_43,203769,0,3.70459001355226e-16,0.9999999999999999,-13.09335839600819,4.124285715646217,-1.3739023216861717,-0.8903611080114189,-0.0451750438638566,0.8607045646059316,1.5249783315363552,-1.927524668682614,0.0,104245,False,False,-0.5314042644081935,1.0727038707274215,-0.0016026312969007492
Aggregate_feature_44,203769,0,-5.266766525291165e-16,0.9999999999999998,-11.660577002709108,3.4862169435581,-1.3561044449107056,-0.8731168648410507,-0.0817289367683114,0.7729339399306745,2.3504494609777464,-1.0523586345597957,0.0,105681,False,False,-0.4549429282751089,0.9183574028413863,-0.04375812823854478
Aggregate_feature_45,203769,0,1.1597765799204459e-16,1.0,-0.301754266335682,11.463401300212466,-0.301754266335682,-0.3015481253083508,-0.2984560098983831,-0.24717842934975243,5.255584009483879,4.685292483047483,0.0,176817,False,False,0.02103028506237363,-0.04245217756019551,-0.08599337015012498
Aggregate_feature_46,203769,0,-3.231473698568477e-15,0.9999999999999998,-12.868440292033196,3.973634667224344,-1.4044746575258076,-0.8726387834411097,-0.0455371499604444,0.8994978944659406,1.6784858024906073,-1.829907638178958,0.0,104594,False,False,-0.5159555858997618,1.0415188420335237,-0.018075973310497977
Aggregate_feature_47,203769,0,9.554383129831695e-18,0.9999999999999999,-0.9757375123778044,1.342003002186918,-0.9757375123778044,-0.9757375123778044,0.16512492318954225,1.342003002186918,1.342003002186918,0.30537617882030743,0.0,99429,False,False,-0.02310799560893509,0.04664628794823922,-0.029952227310253522
Aggregate_feature_48,203769,0,9.031332958490543e-17,1.0,-0.9752365572215276,1.3407327277377104,-0.9752365572215276,-0.9752365572215276,0.1340212592974891,1.3407327277377104,1.3407327277377104,0.30499197831688274,0.0,99770,False,False,-0.023088701182616463,0.046607339811666454,-0.030932803874199086
Aggregate_feature_49,203769,0,2.6222248589903045e-17,1.0,-0.1790699774498401,51.46305427209114,-0.1790699774498401,-0.1687415525999319,-0.1527944646316736,-0.11602914532531915,3.350904703092864,17.605599134378473,0.0,184920,False,False,-0.09449869940643943,0.19075707031606043,0.19557645840426816
Aggregate_feature_50,203769,0,3.682273206241704e-17,0.9999999999999999,-0.4613629691168385,15.54427651720337,-0.4581618412195745,-0.4453573296305183,-0.4001702082327391,-0.0797081754527434,3.641461835376436,4.743041037843493,0.0,156877,False,False,-0.2388490174021952,0.4821456707204166,-0.0827316431860633
Aggregate_feature_51,203769,0,-3.3475210965833674e-17,1.0,-0.4246718150208637,18.519058978367458,-0.4246718150208637,-0.4207575793269717,-0.3883948370732738,-0.10558694192280554,3.478516844985089,5.0995288529166904,0.0,159441,False,False,-0.22592095034214515,0.45604880152844984,-0.11045468753824832
Aggregate_feature_52,203769,0,-2.678016877266694e-17,1.0,-0.4462366744161251,30.624778562492533,-0.4412444943980109,-0.4240174807100593,-0.3705091532401218,-0.07846638914783183,4.044675844900828,6.709012803944323,0.0,157231,False,False,-0.23869622405539584,0.48183723884380214,-0.031065497621892216
Aggregate_feature_53,203769,0,9.226605022457906e-17,0.9999999999999998,-1.015963373517306,1.3019661836934409,-1.015963373517306,-1.015963373517306,0.1430014050880673,1.3019661836934409,1.3019661836934409,0.2491874324528585,0.0,95357,False,False,-0.019170548118493662,0.03869807329002192,-0.0038219299330637694
Aggregate_feature_54,203769,0,-1.1576843792350812e-17,0.9999999999999997,-1.0162304272806977,1.3012808488633716,-1.0162304272806977,-1.0162304272806977,0.1425252107913369,1.3012808488633716,1.3012808488633716,0.25009658088172665,0.0,95520,False,False,-0.019380453794478947,0.03912179332044703,-0.004618401067521215
Aggregate_feature_55,203769,0,-1.8076613921550185e-16,0.9999999999999998,-1.5119096318869902,2.832144425924348,-1.5119096318869902,-0.968902874660573,0.1171106397922615,0.6601173970186788,2.289137668697931,0.3673419212488566,0.0,99976,False,False,-0.30892242388387336,0.62359732890722,0.13715044077217137
Aggregate_feature_56,203769,0,-8.145634668352861e-17,0.9999999999999999,-2.4665614737245884,1.7151324108992445,-1.943849738146609,-0.3757145314126718,0.1469972041653072,0.6697089397432864,1.7151324108992445,-0.7765353760794221,0.0,68045,False,False,-0.25897372306971517,0.5227698265896041,-0.06560260651685021
Aggregate_feature_57,203769,0,-2.242839134710856e-16,1.0,-1.0598683976058427,3.1859036638398432,-1.0598683976058427,-1.0598683976058427,-0.4533295316850304,0.759748200156594,2.5793647979190304,0.6377080217600833,0.0,107418,False,False,0.04817777656225508,-0.09725267722301087,-0.19060249905564208
Aggregate_feature_58,203769,0,-7.275279183241185e-16,1.0,-2.2861094155494395,2.5707871013128263,-1.6789973509416565,-0.7683292540299814,0.1423388428816934,0.7494509074894767,1.9636750367050435,-0.2506988811984154,0.0,94097,False,False,-0.3307134953651127,0.6675852459989905,0.03272940810116911
Aggregate_feature_59,203769,0,1.3948004569097364e-17,1.0,-1.1169181674273414,1.4881129012284324,-1.1169181674273414,-1.1169181674273414,0.1855973669005454,0.49277389822885154,1.4881129012284324,0.24898307593943353,0.0,81504,False,False,-0.052462900719202864,0.10590271934261092,-0.00014172474840247316
Aggregate_feature_60,203769,0,1.339008438633347e-17,0.9999999999999998,-1.116948469117354,1.487932476808418,-1.116948469117354,-1.116948469117354,0.1854920038455318,0.49406976625304105,1.487932476808418,0.2487040536082435,0.0,81468,False,False,-0.05234459728229174,0.10566390952646444,-0.00013083816085494095
Aggregate_feature_61,203769,0,1.4505924751861258e-17,1.0,-0.2404856110350669,15.784950921026589,-0.2168143606184322,-0.2168143606184322,-0.2168143606184322,-0.1931431102017976,4.517435722708497,8.618742689733022,0.0,182601,False,False,-0.022755273056156024,0.04593427475397543,0.1547888404262499
Aggregate_feature_62,203769,0,4.407569443834767e-17,1.0,-0.6240454598224264,7.96320399222389,-0.6179073258324005,-0.5994929238623226,-0.4767302440618034,0.0327348771103511,3.519194983445096,2.124295434399294,0.0,151348,False,False,-0.010153050897850771,0.020495162962131518,-0.10378179673555733
Aggregate_feature_63,203769,0,-3.0127689869250304e-17,1.0,-0.5770993762832375,7.862952768188093,-0.5770993762832375,-0.5696264282858337,-0.4724781043195842,0.1552495274623353,4.123384914083755,2.45210557674193,0.0,144394,False,False,-0.001887028371386721,0.0038091953221547105,-0.13642720537605602
Aggregate_feature_64,203769,0,1.698866956516059e-16,0.9999999999999999,-0.6262286377851035,7.914040811695871,-0.6136137641521922,-0.5946914537028252,-0.4496204069243448,0.124356343373121,3.637598650138928,2.6473523890859827,0.0,140279,False,False,-0.010251551112464221,0.02069399757555305,-0.03522088713263621
Aggregate_feature_65,203769,0,-8.01661562608871e-17,0.9999999999999998,-0.979073766855825,1.4613303209554889,-0.979073766855825,-0.979073766855825,0.241128277049832,1.297854244821826,1.4613303209554889,0.39174374652239446,0.0,96798,False,False,-0.03752777766836058,0.07575436454102959,-0.026707753956926344
Aggregate_feature_66,203769,0,6.443978110922983e-17,0.9999999999999999,-0.9785560465643004,1.4613689382001922,-0.9785560465643004,-0.9785560465643004,0.2414064458179459,1.2979249558851509,1.4613689382001922,0.39393528256285343,0.0,97210,False,False,-0.03754023718514234,0.07577951558478407,-0.02651450339467256
Aggregate_feature_67,203769,0,-4.672581530647617e-17,1.0000000000000002,-0.2160568733963578,117.06924798022244,-0.098888736679456,-0.098888736679456,0.0182794000374458,0.0182794000374458,0.16942629640235154,102.61737693061043,0.0,82093,False,False,-0.012913558504202808,0.026067581914798393,-0.012877457621167957
Aggregate_feature_68,203769,0,-5.021281644875051e-18,1.0,-0.125939071503188,251.84902795677093,-0.106714613806669,-0.0874901561101501,-0.0874901561101501,-0.0874901561101501,1.0659773056809885,34.24694829236261,0.0,179079,False,False,-0.023182994260822078,0.04679768181076,-0.02792349652239905
Aggregate_feature_69,203769,0,4.12860935245282e-17,1.0,-0.1311553038955873,238.7834926240284,-0.1311553038955873,-0.1311553038955873,-0.1311553038955873,-0.0846742330262522,2.1464171687018334,18.247049746333484,0.0,178299,False,False,-0.04720586373633205,0.09529075346688483,-0.03600302566055026
Aggregate_feature_70,203769,0,1.6179685300152943e-17,0.9999999999999998,-0.2698175327120493,105.73402840044544,-0.1836705632417872,-0.1405970785066562,-0.0975235937715251,-0.0975235937715251,2.056150642985027,59.817535147083966,0.0,182964,False,False,-0.05190165447336968,0.10476977581793182,-0.05114409548848013
Aggregate_feature_71,203769,0,3.9612332976236515e-17,1.0,-1.7609264293068194,1.5196996159005878,-1.7609264293068194,-0.1206134067031157,-0.1206134067031157,0.1345253985984787,1.5196996159005878,-0.051212285320107825,0.0,151367,False,False,0.03045160219870582,-0.06147024729807261,-0.03413696100167011
Aggregate_feature_72,203769,0,6.03251197613461e-17,1.0,-1.760984402318598,1.5213994830935649,-1.760984402318598,-0.1197924596125166,-0.1197924596125166,0.10150646052075107,1.5213994830935649,-0.048102436389006464,0.0,151513,False,False,0.029890350880429743,-0.06033729353403645,-0.03376522710329181
in_txs_degree,202804,965,1.1525512317311295,3.92011382620073,0.0,284.0,0.0,0.0,1.0,1.0,10.0,26.329033098784272,0.27104988067296504,0,False,False,1.1526968144615204,1.1522557514191814,-0.0272246276664422
out_txs_degree,202804,965,1.1528372221455199,1.8984503191912803,0.0,472.0,0.0,1.0,1.0,1.0,5.0,21.280028214905624,0.18238792134277432,0,False,False,1.1527041747629982,1.1531072602330446,-0.04350752504956027
total_BTC,202804,965,27.544558930915024,158.90564194155502,6e-06,11391.85593693,0.00103692,0.07328501000000001,0.60531788,6.5763929800000005,431.242507745,28.855488967088924,0.0,0,False,False,30.10564859165564,22.346472799052602,-0.05359094442226921
fees,202804,965,0.0008126455832232106,0.003869237027773109,0.0,0.28512855,5.108e-05,0.00012,0.0003,0.0006,0.010070724999999999,18.11145934251823,0.0003303682373128735,0,False,False,0.0003666629547194352,0.0017178290884373893,-0.040744610568245784
size,202804,965,596.9374371314175,2802.313336452768,188.0,445268.0,191.0,225.0,226.0,373.0,5693.5,24.827152686730955,0.0,0,False,False,595.8750073603014,599.093785479534,-0.040005068187985285
num_input_addresses,202804,965,2.631747894518846,13.357687161172967,1.0,656.0,1.0,1.0,1.0,1.0,29.0,24.777235625622293,0.0,0,False,False,2.5982085026202673,2.699820734986555,-0.03380733660941721
num_output_addresses,202804,965,4.216746218023313,50.49701407447508,1.0,13107.0,1.0,2.0,2.0,2.0,27.0,89.61802650730205,0.0,0,False,False,4.266803568274156,4.115147893636092,-0.016404594696000616
in_BTC_min,202804,965,25.467782835648705,155.31161614199954,1e-08,11391.85651613,0.00010119,0.02,0.24842535,4.33200287,423.25903411,30.593271262112083,0.0,0,False,False,28.12497346936852,20.074646470849082,-0.04491031347776083
in_BTC_max,202804,965,26.74793036530098,157.51860427213862,1.37e-05,11391.85651613,0.0010086399999999999,0.0617094,0.51159422,5.877732405,427.54322493,29.458339636627212,0.0,0,False,False,29.30914506119436,21.549590457281138,-0.051387760542922004
in_BTC_mean,202804,965,25.855236402639534,155.48488564384175,1.3558571428571427e-05,11391.85651613,0.00081275,0.05015036,0.4028261675,4.95054871,423.67291979000004,30.55919307358654,0.0,0,False,False,28.51610707089186,20.454630898136852,-0.048331056917567276
in_BTC_median,202804,965,25.767470214415987,155.47727932149962,1e-08,11391.85651613,0.0005,0.04156758,0.35196019,4.813572035,423.67291979000004,30.560505872125994,0.0,0,False,False,28.43465980311814,20.354039585802358,-0.047477416984654526
in_BTC_total,202804,965,27.545371576498244,158.9057303188668,4.127e-05,11391.85651613,0.00140445,0.07379946000000001,0.60673753,6.576692980000001,431.24287318999995,28.855437032644154,0.0,0,False,False,30.106015254610455,22.348190628141115,-0.05359292862268894
out_BTC_min,202804,965,0.63081570860057,10.99127992408036,0.0,2010.46669489,3.7340000000000005e-05,0.002667235,0.0148,0.100152135,8.862026,45.15923355684145,0.000892487327666121,0,False,False,0.6224970474096831,0.6476995834741538,-0.016276121167737235
out_BTC_max,202804,965,26.508340315649104,154.56278212249936,6e-06,11311.82831417,0.001,0.059208825,0.5,5.748522735,426.384290425,25.447894612171208,0.0,0,False,False,29.081459764852163,21.28583806219052,-0.05238222112599072
out_BTC_mean,202804,965,11.852566325032857,67.11111118274783,6e-06,2998.40423038,0.0006038025,0.0360476725,0.27516845,2.6894989208333335,204.02935548,24.739510953909814,0.0,0,False,False,13.3583935378408,8.796281466339531,-0.05745395307314112
out_BTC_median,202804,965,11.3636635734379,65.90526590845636,5.46e-06,2998.40423038,0.0003,0.026829125,0.21405,2.1951229075,199.7237940725,25.28288207556841,0.0,0,False,False,12.89613640326843,8.253297745052848,-0.05216556141389163
out_BTC_total,202804,965,27.544558930915024,158.90564194155502,6e-06,11391.85593693,0.00103692,0.07328501000000001,0.60531788,6.5763929800000005,431.242507745,28.855488967088924,0.0,0,False,False,30.10564859165564,22.346472799052602,-0.05359094442226921
