time_step,unit,total,labeled,illicit,licit,unknown,illicit_pct_of_labeled,labeled_pct_of_total
1,wallet_snapshots,34853,19540,73,19467,15313,0.3735926305015353,56.06404039824405
2,wallet_snapshots,24847,14824,70,14754,10023,0.47220723151645977,59.66112609168109
3,wallet_snapshots,20137,3590,45,3545,16547,1.2534818941504178,17.827879028653722
4,wallet_snapshots,21030,6118,201,5917,14912,3.2853873814972214,29.09177365668093
5,wallet_snapshots,23261,8156,40,8116,15105,0.4904364884747425,35.06298095524698
6,wallet_snapshots,11754,1534,11,1523,10220,0.7170795306388527,13.050876297430662
7,wallet_snapshots,21537,6459,266,6193,15078,4.1182845641740204,29.990249338347958
8,wallet_snapshots,25762,14019,127,13892,11743,0.905913403238462,54.41735890070647
9,wallet_snapshots,19747,3694,408,3286,16053,11.044937736870601,18.706638983136678
10,wallet_snapshots,32763,6985,40,6945,25778,0.572655690765927,21.31978146079419
11,wallet_snapshots,21737,9181,194,8987,12556,2.113059579566496,42.23673920044164
12,wallet_snapshots,10076,2294,50,2244,7782,2.1795989537925022,22.766971020246128
13,wallet_snapshots,23708,2981,348,2633,20727,11.673934921167394,12.573814746077273
14,wallet_snapshots,5573,1612,74,1538,3961,4.590570719602978,28.925174950654945
15,wallet_snapshots,14133,6243,201,6042,7890,3.2196059586737147,44.17321163234982
16,wallet_snapshots,8097,2099,183,1916,5998,8.718437351119581,25.923181425219216
17,wallet_snapshots,16325,3270,132,3138,13055,4.036697247706422,20.03062787136294
18,wallet_snapshots,5566,1326,83,1243,4240,6.259426847662142,23.82321236076177
19,wallet_snapshots,10076,2437,131,2306,7639,5.375461633155519,24.186184994045256
20,wallet_snapshots,29451,5631,430,5201,23820,7.636299058781744,19.119894061322196
21,wallet_snapshots,33764,16181,632,15549,17583,3.9058154625795685,47.92382419144651
22,wallet_snapshots,27413,7793,715,7078,19620,9.174900551777236,28.42811804618247
23,wallet_snapshots,13587,4523,396,4127,9064,8.755250939641831,33.28917347464488
24,wallet_snapshots,16651,2800,584,2216,13851,20.857142857142858,16.81580685844694
25,wallet_snapshots,17040,8531,1106,7425,8509,12.964482475676943,50.06455399061033
26,wallet_snapshots,15949,2655,734,1921,13294,27.645951035781543,16.64681171233306
27,wallet_snapshots,8435,873,46,827,7562,5.2691867124856815,10.34973325429757
28,wallet_snapshots,4940,798,106,692,4142,13.283208020050125,16.153846153846153
29,wallet_snapshots,16216,3291,433,2858,12925,13.157095107869948,20.29477059694129
30,wallet_snapshots,9089,2623,145,2478,6466,5.528021349599695,28.859060402684563
31,wallet_snapshots,14726,4571,161,4410,10155,3.5222052067381315,31.040336819231293
32,wallet_snapshots,16133,4753,790,3963,11380,16.621081422259625,29.46135250728321
33,wallet_snapshots,13955,6808,282,6526,7147,4.142185663924795,48.78538158366177
34,wallet_snapshots,12940,5470,460,5010,7470,8.409506398537477,42.272024729520865
35,wallet_snapshots,22655,5415,442,4973,17240,8.162511542012927,23.90200838666961
36,wallet_snapshots,31764,9137,597,8540,22627,6.533873262558827,28.76526885782647
37,wallet_snapshots,15785,3420,440,2980,12365,12.865497076023392,21.66613873930947
38,wallet_snapshots,16824,3550,194,3356,13274,5.464788732394366,21.10080836899667
39,wallet_snapshots,11378,3816,129,3687,7562,3.380503144654088,33.538407452979435
40,wallet_snapshots,26723,8656,453,8203,18067,5.2333641404805915,32.39157280245482
41,wallet_snapshots,22253,5871,182,5689,16382,3.099982967126554,26.38295960095268
42,wallet_snapshots,32531,9526,411,9115,23005,4.314507663237455,29.28283790845655
43,wallet_snapshots,24600,6232,105,6127,18368,1.6848523748395379,25.333333333333332
44,wallet_snapshots,19668,8223,284,7939,11445,3.4537273501155297,41.80902989627822
45,wallet_snapshots,25060,9312,33,9279,15748,0.3543814432989691,37.15881883479649
46,wallet_snapshots,18184,4595,509,4086,13589,11.077257889009793,25.269467663880334
47,wallet_snapshots,21079,7047,204,6843,14032,2.894848871860366,33.43137720005693
48,wallet_snapshots,18717,8491,388,8103,10226,4.569544223295254,45.36517604316931
49,wallet_snapshots,12199,4465,652,3813,7734,14.602463605823068,36.601360767276006
