strategy,lag,window,weights,f1_validation_threshold_weighted,f1_oracle_per_step_weighted,gap_to_per_step_ceiling
static,1,35-42,illicit labels per step,0.8782534364054507,0.910372429577717,0.0321189931722663
static,1,43-49,illicit labels per step,0.016230530619493748,0.3032849872827229,0.28705445666322915
expanding,1,35-42,illicit labels per step,0.9015590373384568,0.9201053719957407,0.018546334657283947
expanding,1,43-49,illicit labels per step,0.5274906504975728,0.7301368414875637,0.20264619098999093
rolling_w5,1,35-42,illicit labels per step,0.887636204048305,0.9099622727907372,0.022326068742432148
rolling_w5,1,43-49,illicit labels per step,0.40190870193510453,0.6316983006190666,0.2297895986839621
rolling_w10,1,35-42,illicit labels per step,0.8947165498996855,0.9170876670215763,0.02237111712189077
rolling_w10,1,43-49,illicit labels per step,0.5557269859999389,0.7383616642836144,0.18263467828367552
recency_exp_hl6,1,35-42,illicit labels per step,0.8901673925256336,0.920188429920815,0.03002103739518136
recency_exp_hl6,1,43-49,illicit labels per step,0.588427387335576,0.752288700029201,0.16386131269362503
monitor_triggered,1,35-42,illicit labels per step,0.8450786186287762,0.9156920215758222,0.07061340294704599
monitor_triggered,1,43-49,illicit labels per step,0.5148423301569448,0.7071186889040165,0.19227635874707172
expanding_no_triad,1,35-42,illicit labels per step,0.8978799657413639,0.9228496923587723,0.024969726617408483
expanding_no_triad,1,43-49,illicit labels per step,0.5632005577415007,0.7275783576941406,0.1643777999526399
static,3,35-42,illicit labels per step,0.8568147041490701,0.9003966196505976,0.04358191550152746
static,3,43-49,illicit labels per step,0.0027575113460102255,0.21171415869997165,0.2089566473539614
expanding,3,35-42,illicit labels per step,0.8787290919468608,0.9139775608780084,0.035248468931147636
expanding,3,43-49,illicit labels per step,0.1222311878147422,0.5583766882343945,0.4361455004196523
rolling_w5,3,35-42,illicit labels per step,0.8146329954056788,0.8967166956878225,0.08208370028214373
rolling_w5,3,43-49,illicit labels per step,0.20901416839643894,0.5467935044910737,0.33777933609463473
rolling_w10,3,35-42,illicit labels per step,0.8614274770170959,0.905171537374645,0.043744060357549075
rolling_w10,3,43-49,illicit labels per step,0.16268849130264884,0.626286424725344,0.4635979334226952
recency_exp_hl6,3,35-42,illicit labels per step,0.8796225369562072,0.9159717944185852,0.03634925746237805
recency_exp_hl6,3,43-49,illicit labels per step,0.16056194979251645,0.5770231700666484,0.4164612202741319
monitor_triggered,3,35-42,illicit labels per step,0.8703233211630197,0.907537765686272,0.03721444452325229
monitor_triggered,3,43-49,illicit labels per step,0.07117180594254316,0.4871319607093891,0.4159601547668459
expanding_no_triad,3,35-42,illicit labels per step,0.8699607259634744,0.9127310482705849,0.04277032230711053
expanding_no_triad,3,43-49,illicit labels per step,0.33434984189057704,0.6009170783289641,0.2665672364383871
static,2,35-42,illicit labels per step,0.8858042110008942,0.9080001444513393,0.022195933450445016
static,2,43-49,illicit labels per step,0.021973137336010754,0.2957382203851868,0.2737650830491761
expanding,2,35-42,illicit labels per step,0.8753284541668338,0.9161523246015455,0.040823870434711695
expanding,2,43-49,illicit labels per step,0.3022307861062573,0.6289596690790002,0.32672888297274294
static,5,35-42,illicit labels per step,0.8541826168051238,0.9088912606700991,0.054708643864975315
static,5,43-49,illicit labels per step,0.02698084163403695,0.2635383907770893,0.23655754914305235
expanding,5,35-42,illicit labels per step,0.8795813457018814,0.9132399753640758,0.03365862966219435
expanding,5,43-49,illicit labels per step,0.09863212010482574,0.534234084641876,0.4356019645370503
