lag,step,window,phase8a_retrain,lagsafe_fired,reasons,label_free_fired,label_dependent_fired,feature_shift_pct,score_psi,model_replaced,agrees,agrees_label_dependent_only,agrees_label_free_only
1,35,35-42,False,False,,False,False,15.757575757575758,,False,True,True,True
1,36,35-42,False,False,,False,False,27.272727272727273,,False,True,True,True
1,37,35-42,False,True,FeatureShift,True,False,35.75757575757576,0.02885153249753524,True,False,True,False
1,38,35-42,False,False,,False,False,15.151515151515152,,False,True,True,True
1,39,35-42,False,False,,False,False,26.060606060606062,0.04945617166796049,False,True,True,True
1,40,35-42,False,False,,False,False,13.333333333333334,0.030411549293773443,False,True,True,True
1,41,35-42,False,False,,False,False,19.393939393939394,0.01744505204604521,False,True,True,True
1,42,35-42,False,False,,False,False,13.333333333333334,0.007881551947158278,False,True,True,True
1,43,43-49,True,True,ScoreShift,True,False,15.151515151515152,0.5293979359298024,True,True,False,True
1,44,43-49,True,True,PerformanceCrash,False,True,15.151515151515152,,True,True,True,False
1,45,43-49,True,False,,False,False,17.575757575757574,,False,False,False,False
1,46,43-49,False,False,,False,False,27.272727272727273,0.01766143034121696,False,True,True,True
1,47,43-49,True,False,,False,False,17.575757575757574,0.0414418316656198,False,False,False,False
1,48,43-49,True,True,PrevalenceCollapse,False,True,20.0,0.04647145679732212,True,True,True,False
1,49,43-49,True,True,PrevalenceCollapse,False,True,14.545454545454545,,True,True,True,False
3,35,35-42,False,False,,False,False,15.151515151515152,,False,True,True,True
3,36,35-42,False,False,,False,False,29.09090909090909,,False,True,True,True
3,37,35-42,False,True,FeatureShift,True,False,35.75757575757576,0.06415046311808599,True,False,True,False
3,38,35-42,False,False,,False,False,15.151515151515152,,False,True,True,True
3,39,35-42,False,False,,False,False,26.060606060606062,0.08351295165501632,False,True,True,True
3,40,35-42,False,False,,False,False,13.93939393939394,0.1299251827137697,False,True,True,True
3,41,35-42,False,False,,False,False,23.03030303030303,0.04952514206619317,False,True,True,True
3,42,35-42,False,False,,False,False,14.545454545454545,0.005631679214939818,False,True,True,True
3,43,43-49,True,True,ScoreShift,True,False,18.78787878787879,0.612964283760709,True,True,False,True
3,44,43-49,True,False,,False,False,15.151515151515152,,False,False,False,False
3,45,43-49,True,True,ScoreShift,True,False,18.181818181818183,0.38591150143171765,True,True,False,True
3,46,43-49,False,False,,False,False,27.272727272727273,,False,True,True,True
3,47,43-49,True,False,,False,False,17.575757575757574,0.03267476428821101,False,False,False,False
3,48,43-49,True,False,,False,False,20.606060606060606,0.011449343381397933,False,False,False,False
3,49,43-49,True,False,,False,False,18.181818181818183,0.05046577156288264,False,False,False,False
