strategy,lag,window,rule,primary,n_steps,alerts_total,alerts_per_step,tp,n_illicit,precision,recall,f1,max_possible_recall,steps_with_zero_alerts
static,1,35-42,validation_threshold,False,8,869,108.625,785,914,0.903337169159954,0.8588621444201313,0.8805384183959618,,0
static,1,35-42,top20,True,8,160,20.0,160,914,1.0,0.175054704595186,0.29795158286778395,0.175054704595186,0
static,1,35-42,top50,True,8,400,50.0,363,914,0.9075,0.3971553610503282,0.5525114155251142,0.40809628008752735,0
static,1,35-42,top100,True,8,800,100.0,623,914,0.77875,0.6816192560175055,0.7269544924154027,0.7155361050328227,0
static,1,43-49,validation_threshold,False,7,91,13.0,3,169,0.03296703296703297,0.01775147928994083,0.023076923076923078,,0
static,1,43-49,top20,True,7,140,20.0,4,169,0.02857142857142857,0.023668639053254437,0.02588996763754045,0.6331360946745562,0
static,1,43-49,top50,True,7,350,50.0,15,169,0.04285714285714286,0.08875739644970414,0.057803468208092484,0.9644970414201184,0
static,1,43-49,top100,True,7,700,100.0,62,169,0.08857142857142856,0.3668639053254438,0.14269275028768696,1.0,0
static,1,35-49,validation_threshold,False,15,960,64.0,788,1083,0.8208333333333333,0.7276084949215144,0.77141458639256,,0
static,1,35-49,top20,True,15,300,20.0,164,1083,0.5466666666666666,0.15143120960295475,0.23716558206796817,0.24653739612188366,0
static,1,35-49,top50,True,15,750,50.0,378,1083,0.504,0.3490304709141274,0.41243862520458263,0.494921514312096,0
static,1,35-49,top100,True,15,1500,100.0,685,1083,0.45666666666666667,0.6325023084025854,0.5303910181958963,0.7599261311172668,0
expanding,1,35-42,validation_threshold,False,8,819,102.375,785,914,0.9584859584859585,0.8588621444201313,0.9059434506635892,,0
expanding,1,35-42,top20,True,8,160,20.0,160,914,1.0,0.175054704595186,0.29795158286778395,0.175054704595186,0
expanding,1,35-42,top50,True,8,400,50.0,367,914,0.9175,0.40153172866520787,0.558599695585997,0.40809628008752735,0
expanding,1,35-42,top100,True,8,800,100.0,630,914,0.7875,0.6892778993435449,0.73512252042007,0.7155361050328227,0
expanding,1,43-49,validation_threshold,False,7,121,17.285714285714285,91,169,0.7520661157024794,0.5384615384615384,0.6275862068965516,,1
expanding,1,43-49,top20,True,7,140,20.0,71,169,0.5071428571428571,0.42011834319526625,0.4595469255663431,0.6331360946745562,0
expanding,1,43-49,top50,True,7,350,50.0,137,169,0.3914285714285714,0.8106508875739645,0.5279383429672447,0.9644970414201184,0
expanding,1,43-49,top100,True,7,700,100.0,156,169,0.22285714285714286,0.9230769230769231,0.35903337169159955,1.0,0
expanding,1,35-49,validation_threshold,False,15,940,62.666666666666664,876,1083,0.9319148936170213,0.8088642659279779,0.866040533860603,,1
expanding,1,35-49,top20,True,15,300,20.0,231,1083,0.77,0.21329639889196675,0.33405639913232105,0.24653739612188366,0
expanding,1,35-49,top50,True,15,750,50.0,504,1083,0.672,0.46537396121883656,0.5499181669394435,0.494921514312096,0
expanding,1,35-49,top100,True,15,1500,100.0,786,1083,0.524,0.7257617728531855,0.6085946573751452,0.7599261311172668,0
rolling_w5,1,35-42,validation_threshold,False,8,842,105.25,778,914,0.9239904988123515,0.8512035010940919,0.8861047835990888,,0
rolling_w5,1,35-42,top20,True,8,160,20.0,160,914,1.0,0.175054704595186,0.29795158286778395,0.175054704595186,0
rolling_w5,1,35-42,top50,True,8,400,50.0,365,914,0.9125,0.3993435448577681,0.5555555555555556,0.40809628008752735,0
rolling_w5,1,35-42,top100,True,8,800,100.0,625,914,0.78125,0.6838074398249453,0.7292882147024505,0.7155361050328227,0
rolling_w5,1,43-49,validation_threshold,False,7,271,38.714285714285715,100,169,0.36900369003690037,0.591715976331361,0.4545454545454546,,0
rolling_w5,1,43-49,top20,True,7,140,20.0,60,169,0.42857142857142855,0.35502958579881655,0.38834951456310673,0.6331360946745562,0
rolling_w5,1,43-49,top50,True,7,350,50.0,117,169,0.3342857142857143,0.6923076923076923,0.4508670520231214,0.9644970414201184,0
rolling_w5,1,43-49,top100,True,7,700,100.0,149,169,0.21285714285714286,0.8816568047337278,0.3429228998849252,1.0,0
rolling_w5,1,35-49,validation_threshold,False,15,1113,74.2,878,1083,0.788858939802336,0.8107109879963066,0.7996357012750456,,0
rolling_w5,1,35-49,top20,True,15,300,20.0,220,1083,0.7333333333333333,0.20313942751615882,0.3181489515545915,0.24653739612188366,0
rolling_w5,1,35-49,top50,True,15,750,50.0,482,1083,0.6426666666666667,0.4450600184672207,0.5259138025095473,0.494921514312096,0
rolling_w5,1,35-49,top100,True,15,1500,100.0,774,1083,0.516,0.7146814404432132,0.5993031358885018,0.7599261311172668,0
rolling_w10,1,35-42,validation_threshold,False,8,828,103.5,782,914,0.9444444444444444,0.8555798687089715,0.8978185993111366,,0
rolling_w10,1,35-42,top20,True,8,160,20.0,160,914,1.0,0.175054704595186,0.29795158286778395,0.175054704595186,0
rolling_w10,1,35-42,top50,True,8,400,50.0,366,914,0.915,0.40043763676148797,0.5570776255707763,0.40809628008752735,0
rolling_w10,1,35-42,top100,True,8,800,100.0,627,914,0.78375,0.6859956236323851,0.7316219369894983,0.7155361050328227,0
rolling_w10,1,43-49,validation_threshold,False,7,121,17.285714285714285,93,169,0.768595041322314,0.5502958579881657,0.6413793103448275,,1
rolling_w10,1,43-49,top20,True,7,140,20.0,72,169,0.5142857142857142,0.4260355029585799,0.46601941747572817,0.6331360946745562,0
rolling_w10,1,43-49,top50,True,7,350,50.0,139,169,0.39714285714285713,0.8224852071005917,0.5356454720616569,0.9644970414201184,0
rolling_w10,1,43-49,top100,True,7,700,100.0,154,169,0.22,0.9112426035502958,0.35443037974683544,1.0,0
rolling_w10,1,35-49,validation_threshold,False,15,949,63.266666666666666,875,1083,0.9220231822971549,0.8079409048938134,0.8612204724409448,,1
rolling_w10,1,35-49,top20,True,15,300,20.0,232,1083,0.7733333333333333,0.21421975992613113,0.33550253073029646,0.24653739612188366,0
rolling_w10,1,35-49,top50,True,15,750,50.0,505,1083,0.6733333333333333,0.4662973222530009,0.5510092744135298,0.494921514312096,0
rolling_w10,1,35-49,top100,True,15,1500,100.0,781,1083,0.5206666666666667,0.7211449676823638,0.6047231900890438,0.7599261311172668,0
recency_exp_hl6,1,35-42,validation_threshold,False,8,878,109.75,801,914,0.9123006833712984,0.8763676148796499,0.8939732142857143,,0
recency_exp_hl6,1,35-42,top20,True,8,160,20.0,160,914,1.0,0.175054704595186,0.29795158286778395,0.175054704595186,0
recency_exp_hl6,1,35-42,top50,True,8,400,50.0,367,914,0.9175,0.40153172866520787,0.558599695585997,0.40809628008752735,0
recency_exp_hl6,1,35-42,top100,True,8,800,100.0,630,914,0.7875,0.6892778993435449,0.73512252042007,0.7155361050328227,0
recency_exp_hl6,1,43-49,validation_threshold,False,7,140,20.0,103,169,0.7357142857142858,0.6094674556213018,0.6666666666666667,,0
recency_exp_hl6,1,43-49,top20,True,7,140,20.0,74,169,0.5285714285714286,0.4378698224852071,0.4789644012944984,0.6331360946745562,0
recency_exp_hl6,1,43-49,top50,True,7,350,50.0,137,169,0.3914285714285714,0.8106508875739645,0.5279383429672447,0.9644970414201184,0
recency_exp_hl6,1,43-49,top100,True,7,700,100.0,155,169,0.22142857142857142,0.9171597633136095,0.35673187571921744,1.0,0
recency_exp_hl6,1,35-49,validation_threshold,False,15,1018,67.86666666666666,904,1083,0.888015717092338,0.8347183748845799,0.8605425987624941,,0
recency_exp_hl6,1,35-49,top20,True,15,300,20.0,234,1083,0.78,0.21606648199445982,0.3383947939262473,0.24653739612188366,0
recency_exp_hl6,1,35-49,top50,True,15,750,50.0,504,1083,0.672,0.46537396121883656,0.5499181669394435,0.494921514312096,0
recency_exp_hl6,1,35-49,top100,True,15,1500,100.0,785,1083,0.5233333333333333,0.7248384118190212,0.6078203639179248,0.7599261311172668,0
monitor_triggered,1,35-42,validation_threshold,False,8,720,90.0,696,914,0.9666666666666667,0.7614879649890591,0.8518971848225214,,0
monitor_triggered,1,35-42,top20,True,8,160,20.0,160,914,1.0,0.175054704595186,0.29795158286778395,0.175054704595186,0
monitor_triggered,1,35-42,top50,True,8,400,50.0,366,914,0.915,0.40043763676148797,0.5570776255707763,0.40809628008752735,0
monitor_triggered,1,35-42,top100,True,8,800,100.0,628,914,0.785,0.687089715536105,0.7327887981330221,0.7155361050328227,0
monitor_triggered,1,43-49,validation_threshold,False,7,124,17.714285714285715,90,169,0.7258064516129032,0.5325443786982249,0.6143344709897611,,1
monitor_triggered,1,43-49,top20,True,7,140,20.0,65,169,0.4642857142857143,0.38461538461538464,0.4207119741100323,0.6331360946745562,0
monitor_triggered,1,43-49,top50,True,7,350,50.0,132,169,0.37714285714285717,0.7810650887573964,0.5086705202312138,0.9644970414201184,0
monitor_triggered,1,43-49,top100,True,7,700,100.0,154,169,0.22,0.9112426035502958,0.35443037974683544,1.0,0
monitor_triggered,1,35-49,validation_threshold,False,15,844,56.266666666666666,786,1083,0.9312796208530806,0.7257617728531855,0.8157758173326413,,1
monitor_triggered,1,35-49,top20,True,15,300,20.0,225,1083,0.75,0.2077562326869806,0.3253796095444685,0.24653739612188366,0
monitor_triggered,1,35-49,top50,True,15,750,50.0,498,1083,0.664,0.4598337950138504,0.5433715220949265,0.494921514312096,0
monitor_triggered,1,35-49,top100,True,15,1500,100.0,782,1083,0.5213333333333333,0.7220683287165282,0.6054974835462639,0.7599261311172668,0
expanding_no_triad,1,35-42,validation_threshold,False,8,840,105.0,791,914,0.9416666666666667,0.8654266958424508,0.9019384264538198,,0
expanding_no_triad,1,35-42,top20,True,8,160,20.0,160,914,1.0,0.175054704595186,0.29795158286778395,0.175054704595186,0
expanding_no_triad,1,35-42,top50,True,8,400,50.0,368,914,0.92,0.4026258205689278,0.5601217656012177,0.40809628008752735,0
expanding_no_triad,1,35-42,top100,True,8,800,100.0,629,914,0.78625,0.688183807439825,0.733955659276546,0.7155361050328227,0
expanding_no_triad,1,43-49,validation_threshold,False,7,133,19.0,98,169,0.7368421052631579,0.5798816568047337,0.6490066225165563,,1
expanding_no_triad,1,43-49,top20,True,7,140,20.0,71,169,0.5071428571428571,0.42011834319526625,0.4595469255663431,0.6331360946745562,0
expanding_no_triad,1,43-49,top50,True,7,350,50.0,135,169,0.38571428571428573,0.7988165680473372,0.5202312138728323,0.9644970414201184,0
expanding_no_triad,1,43-49,top100,True,7,700,100.0,154,169,0.22,0.9112426035502958,0.35443037974683544,1.0,0
expanding_no_triad,1,35-49,validation_threshold,False,15,973,64.86666666666666,889,1083,0.9136690647482014,0.8208679593721145,0.8647859922178989,,1
expanding_no_triad,1,35-49,top20,True,15,300,20.0,231,1083,0.77,0.21329639889196675,0.33405639913232105,0.24653739612188366,0
expanding_no_triad,1,35-49,top50,True,15,750,50.0,503,1083,0.6706666666666666,0.4644506001846722,0.5488270594653573,0.494921514312096,0
expanding_no_triad,1,35-49,top100,True,15,1500,100.0,783,1083,0.522,0.7229916897506925,0.6062717770034843,0.7599261311172668,0
static,3,35-42,validation_threshold,False,8,918,114.75,782,914,0.8518518518518519,0.8555798687089715,0.853711790393013,,0
static,3,35-42,top20,True,8,160,20.0,160,914,1.0,0.175054704595186,0.29795158286778395,0.175054704595186,0
static,3,35-42,top50,True,8,400,50.0,361,914,0.9025,0.3949671772428884,0.5494672754946728,0.40809628008752735,0
static,3,35-42,top100,True,8,800,100.0,613,914,0.76625,0.6706783369803063,0.7152858809801633,0.7155361050328227,0
static,3,43-49,validation_threshold,False,7,165,23.571428571428573,1,169,0.006060606060606061,0.005917159763313609,0.005988023952095809,,0
static,3,43-49,top20,True,7,140,20.0,0,169,0.0,0.0,0.0,0.6331360946745562,0
static,3,43-49,top50,True,7,350,50.0,7,169,0.02,0.04142011834319527,0.02697495183044316,0.9644970414201184,0
static,3,43-49,top100,True,7,700,100.0,21,169,0.03,0.1242603550295858,0.04833141542002301,1.0,0
static,3,35-49,validation_threshold,False,15,1083,72.2,783,1083,0.7229916897506925,0.7229916897506925,0.7229916897506924,,0
static,3,35-49,top20,True,15,300,20.0,160,1083,0.5333333333333333,0.14773776546629733,0.2313810556760665,0.24653739612188366,0
static,3,35-49,top50,True,15,750,50.0,368,1083,0.49066666666666664,0.3397968605724838,0.40152755046372063,0.494921514312096,0
static,3,35-49,top100,True,15,1500,100.0,634,1083,0.4226666666666667,0.5854108956602031,0.4909020518776616,0.7599261311172668,0
expanding,3,35-42,validation_threshold,False,8,840,105.0,773,914,0.9202380952380952,0.8457330415754923,0.8814139110604333,,0
expanding,3,35-42,top20,True,8,160,20.0,160,914,1.0,0.175054704595186,0.29795158286778395,0.175054704595186,0
expanding,3,35-42,top50,True,8,400,50.0,364,914,0.91,0.3982494529540481,0.5540334855403348,0.40809628008752735,0
expanding,3,35-42,top100,True,8,800,100.0,626,914,0.7825,0.6849015317286652,0.7304550758459742,0.7155361050328227,0
expanding,3,43-49,validation_threshold,False,7,27,3.857142857142857,13,169,0.48148148148148145,0.07692307692307693,0.1326530612244898,,0
expanding,3,43-49,top20,True,7,140,20.0,50,169,0.35714285714285715,0.2958579881656805,0.32362459546925565,0.6331360946745562,0
expanding,3,43-49,top50,True,7,350,50.0,104,169,0.29714285714285715,0.6153846153846154,0.4007707129094413,0.9644970414201184,0
expanding,3,43-49,top100,True,7,700,100.0,135,169,0.19285714285714287,0.7988165680473372,0.31070195627157654,1.0,0
expanding,3,35-49,validation_threshold,False,15,867,57.8,786,1083,0.9065743944636678,0.7257617728531855,0.8061538461538461,,0
expanding,3,35-49,top20,True,15,300,20.0,210,1083,0.7,0.19390581717451524,0.30368763557483736,0.24653739612188366,0
expanding,3,35-49,top50,True,15,750,50.0,468,1083,0.624,0.43213296398891965,0.5106382978723404,0.494921514312096,0
expanding,3,35-49,top100,True,15,1500,100.0,761,1083,0.5073333333333333,0.7026777469990766,0.589237320944638,0.7599261311172668,0
rolling_w5,3,35-42,validation_threshold,False,8,839,104.875,720,914,0.8581644815256257,0.787746170678337,0.8214489446662864,,0
rolling_w5,3,35-42,top20,True,8,160,20.0,160,914,1.0,0.175054704595186,0.29795158286778395,0.175054704595186,0
rolling_w5,3,35-42,top50,True,8,400,50.0,360,914,0.9,0.3938730853391685,0.547945205479452,0.40809628008752735,0
rolling_w5,3,35-42,top100,True,8,800,100.0,615,914,0.76875,0.6728665207877462,0.7176196032672113,0.7155361050328227,0
rolling_w5,3,43-49,validation_threshold,False,7,48,6.857142857142857,24,169,0.5,0.14201183431952663,0.22119815668202764,,0
rolling_w5,3,43-49,top20,True,7,140,20.0,49,169,0.35,0.28994082840236685,0.3171521035598705,0.6331360946745562,0
rolling_w5,3,43-49,top50,True,7,350,50.0,102,169,0.2914285714285714,0.6035502958579881,0.3930635838150289,0.9644970414201184,0
rolling_w5,3,43-49,top100,True,7,700,100.0,137,169,0.1957142857142857,0.8106508875739645,0.31530494821634064,1.0,0
rolling_w5,3,35-49,validation_threshold,False,15,887,59.13333333333333,744,1083,0.8387824126268321,0.6869806094182825,0.7553299492385787,,0
rolling_w5,3,35-49,top20,True,15,300,20.0,209,1083,0.6966666666666667,0.19298245614035087,0.30224150397686184,0.24653739612188366,0
rolling_w5,3,35-49,top50,True,15,750,50.0,462,1083,0.616,0.4265927977839335,0.5040916530278232,0.494921514312096,0
rolling_w5,3,35-49,top100,True,15,1500,100.0,752,1083,0.5013333333333333,0.6943674976915974,0.5822686798296555,0.7599261311172668,0
rolling_w10,3,35-42,validation_threshold,False,8,811,101.375,747,914,0.9210850801479655,0.8172866520787746,0.8660869565217392,,0
rolling_w10,3,35-42,top20,True,8,160,20.0,160,914,1.0,0.175054704595186,0.29795158286778395,0.175054704595186,0
rolling_w10,3,35-42,top50,True,8,400,50.0,363,914,0.9075,0.3971553610503282,0.5525114155251142,0.40809628008752735,0
rolling_w10,3,35-42,top100,True,8,800,100.0,626,914,0.7825,0.6849015317286652,0.7304550758459742,0.7155361050328227,0
rolling_w10,3,43-49,validation_threshold,False,7,59,8.428571428571429,22,169,0.3728813559322034,0.1301775147928994,0.1929824561403509,,1
rolling_w10,3,43-49,top20,True,7,140,20.0,62,169,0.44285714285714284,0.3668639053254438,0.40129449838187703,0.6331360946745562,0
rolling_w10,3,43-49,top50,True,7,350,50.0,117,169,0.3342857142857143,0.6923076923076923,0.4508670520231214,0.9644970414201184,0
rolling_w10,3,43-49,top100,True,7,700,100.0,143,169,0.2042857142857143,0.8461538461538461,0.3291139240506329,1.0,0
rolling_w10,3,35-49,validation_threshold,False,15,870,58.0,769,1083,0.8839080459770114,0.7100646352723915,0.7875064004096262,,1
rolling_w10,3,35-49,top20,True,15,300,20.0,222,1083,0.74,0.20498614958448755,0.3210412147505423,0.24653739612188366,0
rolling_w10,3,35-49,top50,True,15,750,50.0,480,1083,0.64,0.44321329639889195,0.523731587561375,0.494921514312096,0
rolling_w10,3,35-49,top100,True,15,1500,100.0,769,1083,0.5126666666666667,0.7100646352723915,0.5954316686024004,0.7599261311172668,0
recency_exp_hl6,3,35-42,validation_threshold,False,8,831,103.875,769,914,0.9253910950661853,0.8413566739606126,0.8813753581661892,,0
recency_exp_hl6,3,35-42,top20,True,8,160,20.0,160,914,1.0,0.175054704595186,0.29795158286778395,0.175054704595186,0
recency_exp_hl6,3,35-42,top50,True,8,400,50.0,366,914,0.915,0.40043763676148797,0.5570776255707763,0.40809628008752735,0
recency_exp_hl6,3,35-42,top100,True,8,800,100.0,629,914,0.78625,0.688183807439825,0.733955659276546,0.7155361050328227,0
recency_exp_hl6,3,43-49,validation_threshold,False,7,81,11.571428571428571,23,169,0.2839506172839506,0.13609467455621302,0.184,,0
recency_exp_hl6,3,43-49,top20,True,7,140,20.0,50,169,0.35714285714285715,0.2958579881656805,0.32362459546925565,0.6331360946745562,0
recency_exp_hl6,3,43-49,top50,True,7,350,50.0,112,169,0.32,0.6627218934911243,0.43159922928709055,0.9644970414201184,0
recency_exp_hl6,3,43-49,top100,True,7,700,100.0,141,169,0.20142857142857143,0.834319526627219,0.3245109321058688,1.0,0
recency_exp_hl6,3,35-49,validation_threshold,False,15,912,60.8,792,1083,0.868421052631579,0.7313019390581718,0.7939849624060151,,0
recency_exp_hl6,3,35-49,top20,True,15,300,20.0,210,1083,0.7,0.19390581717451524,0.30368763557483736,0.24653739612188366,0
recency_exp_hl6,3,35-49,top50,True,15,750,50.0,478,1083,0.6373333333333333,0.44136657433056325,0.5215493726132023,0.494921514312096,0
recency_exp_hl6,3,35-49,top100,True,15,1500,100.0,770,1083,0.5133333333333333,0.7109879963065558,0.5962059620596206,0.7599261311172668,0
monitor_triggered,3,35-42,validation_threshold,False,8,890,111.25,784,914,0.8808988764044944,0.8577680525164114,0.869179600886918,,0
monitor_triggered,3,35-42,top20,True,8,160,20.0,160,914,1.0,0.175054704595186,0.29795158286778395,0.175054704595186,0
monitor_triggered,3,35-42,top50,True,8,400,50.0,362,914,0.905,0.39606126914660833,0.5509893455098935,0.40809628008752735,0
monitor_triggered,3,35-42,top100,True,8,800,100.0,622,914,0.7775,0.6805251641137856,0.7257876312718787,0.7155361050328227,0
monitor_triggered,3,43-49,validation_threshold,False,7,28,4.0,8,169,0.2857142857142857,0.047337278106508875,0.08121827411167512,,1
monitor_triggered,3,43-49,top20,True,7,140,20.0,46,169,0.32857142857142857,0.27218934911242604,0.2977346278317152,0.6331360946745562,0
monitor_triggered,3,43-49,top50,True,7,350,50.0,88,169,0.25142857142857145,0.5207100591715976,0.3391136801541426,0.9644970414201184,0
monitor_triggered,3,43-49,top100,True,7,700,100.0,128,169,0.18285714285714286,0.757396449704142,0.2945914844649022,1.0,0
monitor_triggered,3,35-49,validation_threshold,False,15,918,61.2,792,1083,0.8627450980392157,0.7313019390581718,0.7916041979010495,,1
monitor_triggered,3,35-49,top20,True,15,300,20.0,206,1083,0.6866666666666666,0.1902123730378578,0.29790310918293567,0.24653739612188366,0
monitor_triggered,3,35-49,top50,True,15,750,50.0,450,1083,0.6,0.4155124653739612,0.4909983633387889,0.494921514312096,0
monitor_triggered,3,35-49,top100,True,15,1500,100.0,750,1083,0.5,0.6925207756232687,0.5807200929152149,0.7599261311172668,0
expanding_no_triad,3,35-42,validation_threshold,False,8,858,107.25,773,914,0.9009324009324009,0.8457330415754923,0.8724604966139955,,0
expanding_no_triad,3,35-42,top20,True,8,160,20.0,160,914,1.0,0.175054704595186,0.29795158286778395,0.175054704595186,0
expanding_no_triad,3,35-42,top50,True,8,400,50.0,365,914,0.9125,0.3993435448577681,0.5555555555555556,0.40809628008752735,0
expanding_no_triad,3,35-42,top100,True,8,800,100.0,627,914,0.78375,0.6859956236323851,0.7316219369894983,0.7155361050328227,0
expanding_no_triad,3,43-49,validation_threshold,False,7,59,8.428571428571429,39,169,0.6610169491525424,0.23076923076923078,0.34210526315789475,,0
expanding_no_triad,3,43-49,top20,True,7,140,20.0,50,169,0.35714285714285715,0.2958579881656805,0.32362459546925565,0.6331360946745562,0
expanding_no_triad,3,43-49,top50,True,7,350,50.0,116,169,0.3314285714285714,0.6863905325443787,0.4470134874759152,0.9644970414201184,0
expanding_no_triad,3,43-49,top100,True,7,700,100.0,136,169,0.19428571428571428,0.8047337278106509,0.3130034522439586,1.0,0
expanding_no_triad,3,35-49,validation_threshold,False,15,917,61.13333333333333,812,1083,0.8854961832061069,0.7497691597414589,0.8119999999999999,,0
expanding_no_triad,3,35-49,top20,True,15,300,20.0,210,1083,0.7,0.19390581717451524,0.30368763557483736,0.24653739612188366,0
expanding_no_triad,3,35-49,top50,True,15,750,50.0,481,1083,0.6413333333333333,0.4441366574330563,0.524822695035461,0.494921514312096,0
expanding_no_triad,3,35-49,top100,True,15,1500,100.0,763,1083,0.5086666666666667,0.7045244690674054,0.5907859078590786,0.7599261311172668,0
static,2,35-42,validation_threshold,False,8,850,106.25,784,914,0.9223529411764706,0.8577680525164114,0.888888888888889,,0
static,2,35-42,top20,True,8,160,20.0,160,914,1.0,0.175054704595186,0.29795158286778395,0.175054704595186,0
static,2,35-42,top50,True,8,400,50.0,367,914,0.9175,0.40153172866520787,0.558599695585997,0.40809628008752735,0
static,2,35-42,top100,True,8,800,100.0,622,914,0.7775,0.6805251641137856,0.7257876312718787,0.7155361050328227,0
static,2,43-49,validation_threshold,False,7,75,10.714285714285714,4,169,0.05333333333333334,0.023668639053254437,0.03278688524590164,,0
static,2,43-49,top20,True,7,140,20.0,6,169,0.04285714285714286,0.03550295857988166,0.03883495145631068,0.6331360946745562,0
static,2,43-49,top50,True,7,350,50.0,17,169,0.04857142857142857,0.10059171597633136,0.06551059730250482,0.9644970414201184,0
static,2,43-49,top100,True,7,700,100.0,63,169,0.09,0.3727810650887574,0.14499424626006907,1.0,0
static,2,35-49,validation_threshold,False,15,925,61.666666666666664,788,1083,0.8518918918918919,0.7276084949215144,0.7848605577689244,,0
static,2,35-49,top20,True,15,300,20.0,166,1083,0.5533333333333333,0.15327793167128348,0.24005784526391905,0.24653739612188366,0
static,2,35-49,top50,True,15,750,50.0,384,1083,0.512,0.3545706371191136,0.41898527004909986,0.494921514312096,0
static,2,35-49,top100,True,15,1500,100.0,685,1083,0.45666666666666667,0.6325023084025854,0.5303910181958963,0.7599261311172668,0
expanding,2,35-42,validation_threshold,False,8,857,107.125,776,914,0.9054842473745625,0.849015317286652,0.8763410502540937,,0
expanding,2,35-42,top20,True,8,160,20.0,160,914,1.0,0.175054704595186,0.29795158286778395,0.175054704595186,0
expanding,2,35-42,top50,True,8,400,50.0,366,914,0.915,0.40043763676148797,0.5570776255707763,0.40809628008752735,0
expanding,2,35-42,top100,True,8,800,100.0,629,914,0.78625,0.688183807439825,0.733955659276546,0.7155361050328227,0
expanding,2,43-49,validation_threshold,False,7,47,6.714285714285714,38,169,0.8085106382978723,0.22485207100591717,0.3518518518518519,,1
expanding,2,43-49,top20,True,7,140,20.0,57,169,0.40714285714285714,0.33727810650887574,0.36893203883495146,0.6331360946745562,0
expanding,2,43-49,top50,True,7,350,50.0,118,169,0.33714285714285713,0.6982248520710059,0.45472061657032753,0.9644970414201184,0
expanding,2,43-49,top100,True,7,700,100.0,144,169,0.2057142857142857,0.8520710059171598,0.331415420023015,1.0,0
expanding,2,35-49,validation_threshold,False,15,904,60.266666666666666,814,1083,0.9004424778761062,0.7516158818097877,0.8193256165072975,,1
expanding,2,35-49,top20,True,15,300,20.0,217,1083,0.7233333333333334,0.20036934441366575,0.3138105567606652,0.24653739612188366,0
expanding,2,35-49,top50,True,15,750,50.0,484,1083,0.6453333333333333,0.4469067405355494,0.5280960174577196,0.494921514312096,0
expanding,2,35-49,top100,True,15,1500,100.0,773,1083,0.5153333333333333,0.7137580794090489,0.5985288424312813,0.7599261311172668,0
static,5,35-42,validation_threshold,False,8,951,118.875,796,914,0.8370136698212408,0.8708971553610503,0.8536193029490617,,0
static,5,35-42,top20,True,8,160,20.0,160,914,1.0,0.175054704595186,0.29795158286778395,0.175054704595186,0
static,5,35-42,top50,True,8,400,50.0,365,914,0.9125,0.3993435448577681,0.5555555555555556,0.40809628008752735,0
static,5,35-42,top100,True,8,800,100.0,625,914,0.78125,0.6838074398249453,0.7292882147024505,0.7155361050328227,0
static,5,43-49,validation_threshold,False,7,153,21.857142857142858,5,169,0.032679738562091505,0.029585798816568046,0.031055900621118012,,0
static,5,43-49,top20,True,7,140,20.0,7,169,0.05,0.04142011834319527,0.04530744336569579,0.6331360946745562,0
static,5,43-49,top50,True,7,350,50.0,18,169,0.05142857142857143,0.10650887573964497,0.06936416184971099,0.9644970414201184,0
static,5,43-49,top100,True,7,700,100.0,54,169,0.07714285714285714,0.31952662721893493,0.1242807825086306,1.0,0
static,5,35-49,validation_threshold,False,15,1104,73.6,801,1083,0.7255434782608695,0.739612188365651,0.7325102880658437,,0
static,5,35-49,top20,True,15,300,20.0,167,1083,0.5566666666666666,0.15420129270544783,0.24150397686189443,0.24653739612188366,0
static,5,35-49,top50,True,15,750,50.0,383,1083,0.5106666666666667,0.3536472760849492,0.4178941625750136,0.494921514312096,0
static,5,35-49,top100,True,15,1500,100.0,679,1083,0.45266666666666666,0.6269621421975993,0.5257452574525745,0.7599261311172668,0
expanding,5,35-42,validation_threshold,False,8,809,101.125,761,914,0.9406674907292955,0.8326039387308534,0.8833430063842135,,0
expanding,5,35-42,top20,True,8,160,20.0,160,914,1.0,0.175054704595186,0.29795158286778395,0.175054704595186,0
expanding,5,35-42,top50,True,8,400,50.0,363,914,0.9075,0.3971553610503282,0.5525114155251142,0.40809628008752735,0
expanding,5,35-42,top100,True,8,800,100.0,620,914,0.775,0.6783369803063457,0.7234539089848308,0.7155361050328227,0
expanding,5,43-49,validation_threshold,False,7,61,8.714285714285714,12,169,0.19672131147540983,0.07100591715976332,0.1043478260869565,,1
expanding,5,43-49,top20,True,7,140,20.0,46,169,0.32857142857142857,0.27218934911242604,0.2977346278317152,0.6331360946745562,0
expanding,5,43-49,top50,True,7,350,50.0,96,169,0.2742857142857143,0.5680473372781065,0.36994219653179194,0.9644970414201184,0
expanding,5,43-49,top100,True,7,700,100.0,133,169,0.19,0.7869822485207101,0.30609896432681244,1.0,0
expanding,5,35-49,validation_threshold,False,15,870,58.0,773,1083,0.8885057471264368,0.7137580794090489,0.7916026625704046,,1
expanding,5,35-49,top20,True,15,300,20.0,206,1083,0.6866666666666666,0.1902123730378578,0.29790310918293567,0.24653739612188366,0
expanding,5,35-49,top50,True,15,750,50.0,459,1083,0.612,0.42382271468144045,0.5008183306055647,0.494921514312096,0
expanding,5,35-49,top100,True,15,1500,100.0,753,1083,0.502,0.6952908587257618,0.5830429732868758,0.7599261311172668,0
