strategy,reference,lag,window,ci_method,delta_pr_auc,ci_lo,ci_hi,ci_excludes_zero,row_ci_lo,row_ci_hi,row_ci_excludes_zero
expanding,static,1,35-42,cluster,0.0071738495918878264,-0.010350568435776088,0.03255912616691323,False,0.0010647966596909226,0.013728422891291846,True
expanding,static,1,43-49,cluster,0.6543403782389938,0.32567567673231385,0.8217188608228352,True,0.5773705611598655,0.7309155962768114,True
expanding,static,1,35-49,cluster,0.10016145699196932,0.027291195718851375,0.26966183338218674,True,0.08699433736098537,0.11435463457585446,True
rolling_w5,static,1,35-42,cluster,0.0007534319092011854,-0.01640572281915443,0.023465135066884163,False,-0.007625543165172532,0.009878681922194033,False
rolling_w5,static,1,43-49,cluster,0.4122566410073643,0.27913337799543564,0.6227083352506254,True,0.33140787218961987,0.4984217793161888,True
rolling_w5,static,1,35-49,cluster,0.07317261538835318,0.019199698552113727,0.2064701989540687,True,0.05792009966304862,0.0876934098715319,True
rolling_w10,static,1,35-42,cluster,0.01753406315286843,-0.004638519778872324,0.03828477689935135,False,0.00978452558306581,0.02653134344849465,True
rolling_w10,static,1,43-49,cluster,0.5581788098953562,0.27020011581305675,0.8152479663692551,True,0.47765479139601646,0.6382540986425695,True
rolling_w10,static,1,35-49,cluster,0.10593835856424783,0.03673592196453051,0.26926714514143657,True,0.09054067849930895,0.12124709739186705,True
recency_exp_hl6,static,1,35-42,cluster,0.01891830184229848,0.0003344995694303581,0.03707116226786984,True,0.01135216900396337,0.02725770456340221,True
recency_exp_hl6,static,1,43-49,cluster,0.6147317214267591,0.3118034734105371,0.802821612201236,True,0.5359467826856914,0.6897778690946513,True
recency_exp_hl6,static,1,35-49,cluster,0.10950540054038693,0.040939151014052606,0.27005110615929084,True,0.09513683582929637,0.1246570979187263,True
monitor_triggered,static,1,35-42,cluster,-0.026794384001023075,-0.04613763463372171,0.008872642776466546,False,-0.032684515484193,-0.021304257030787036,True
monitor_triggered,static,1,43-49,cluster,0.5949072717911862,0.24190736210614003,0.7859343026646405,True,0.5152919192225801,0.6768435012415444,True
monitor_triggered,static,1,35-49,cluster,0.07131347478800287,-0.003393907260242841,0.24399298361927121,False,0.05619841240592286,0.08458864221438539,True
expanding_no_triad,static,1,35-42,cluster,0.010898665717131495,-0.00581489490776729,0.028750336299970536,False,0.004407312269064207,0.018238734386484344,True
expanding_no_triad,static,1,43-49,cluster,0.6338876806640177,0.27107965839641995,0.8243257466037414,True,0.5587112358193177,0.7034174105669514,True
expanding_no_triad,static,1,35-49,cluster,0.10410469151327695,0.0313351919113325,0.2653498331863248,True,0.09056832588757965,0.11938994380254064,True
static,expanding,1,35-42,cluster,-0.0071738495918878264,-0.032559126166913234,0.010350568435776086,False,-0.013728422891291846,-0.001064796659690923,True
static,expanding,1,43-49,cluster,-0.6543403782389938,-0.8217188608228352,-0.3256756767323139,True,-0.7309155962768114,-0.5773705611598655,True
static,expanding,1,35-49,cluster,-0.10016145699196932,-0.2696618333821868,-0.02729119571885138,True,-0.11435463457585447,-0.08699433736098537,True
rolling_w5,expanding,1,35-42,cluster,-0.006420417682686641,-0.024846821290554787,0.00971709636550699,False,-0.015427168853444561,0.0023897687849449784,False
rolling_w5,expanding,1,43-49,cluster,-0.24208373723162951,-0.3182767648847486,-0.03780703957540789,True,-0.30974161201574396,-0.1824396217268265,True
rolling_w5,expanding,1,35-49,cluster,-0.026988841603616143,-0.08107374506609356,-0.0019746775205484266,True,-0.036920533285464824,-0.018216129029737613,True
rolling_w10,expanding,1,35-42,cluster,0.010360213560980602,-0.0053824021339293395,0.020063568330077282,False,0.0038437687681325355,0.017115345457849138,True
rolling_w10,expanding,1,43-49,cluster,-0.09616156834363765,-0.18831537347536395,0.0070121240596288424,False,-0.14431190105696703,-0.050198445733759665,True
rolling_w10,expanding,1,35-49,cluster,0.005776901572278503,-0.027145050080484134,0.021556748175788433,False,-0.0015296810112011587,0.013053302328435112,False
recency_exp_hl6,expanding,1,35-42,cluster,0.011744452250410653,-0.004186579439754884,0.025577327608621032,False,0.0050205883551167115,0.01880837738995855,True
recency_exp_hl6,expanding,1,43-49,cluster,-0.03960865681223469,-0.07143269622236395,0.013608182981743534,False,-0.08256235563529986,-0.0042570595254036265,True
recency_exp_hl6,expanding,1,35-49,cluster,0.00934394354841761,-0.015757730329056658,0.02416379817393035,False,0.0021511002875491763,0.01662895872308162,True
monitor_triggered,expanding,1,35-42,cluster,-0.0339682335929109,-0.07343101350515023,0.007466338079052035,False,-0.042460975062878895,-0.02652179477751725,True
monitor_triggered,expanding,1,43-49,cluster,-0.05943310644780764,-0.15556044901256905,-0.0036666544272517705,True,-0.09045848271252811,-0.031457101959319174,True
monitor_triggered,expanding,1,35-49,cluster,-0.02884798220396645,-0.07748944057160112,0.015556098678707487,False,-0.03609504020935697,-0.02128965039351723,True
expanding_no_triad,expanding,1,35-42,cluster,0.0037248161252436685,-0.005944562469630488,0.006791278457642085,False,0.0013785208875940925,0.006235733042535848,True
expanding_no_triad,expanding,1,43-49,cluster,-0.020452697574976142,-0.06832859377535158,0.03285709301512141,False,-0.05251011894614492,0.0052566828880773004,False
expanding_no_triad,expanding,1,35-49,cluster,0.003943234521307626,-0.013645232088339076,0.011840407923144804,False,0.0005118375621563366,0.006902960914390968,True
expanding,static,3,35-42,cluster,-0.003525788585836964,-0.014540271612516292,0.02082472792170945,False,-0.010523485986416814,0.0035115562392661038,False
expanding,static,3,43-49,cluster,0.1107204254076023,0.08418961439500738,0.432198048047051,True,0.0785982014891689,0.1605781591491691,True
expanding,static,3,35-49,cluster,0.04278712588385736,0.009556587234433303,0.1190503742288033,True,0.032085130596939834,0.052571880581159816,True
rolling_w5,static,3,35-42,cluster,-0.021328343731307542,-0.04561576574732813,0.005559741840490935,False,-0.032958399308144266,-0.009184790710135575,True
rolling_w5,static,3,43-49,cluster,0.07122877799410761,0.060325297446412685,0.20751350533757218,True,0.04636073030755237,0.115417111668044,True
rolling_w5,static,3,35-49,cluster,0.006485727897403204,-0.021341694921322117,0.05876069378390491,False,-0.006411146992910466,0.018232920837232484,False
rolling_w10,static,3,35-42,cluster,-0.02709556787432743,-0.05012663178538148,0.012510326951424637,False,-0.03620890735094204,-0.018393876341154313,True
rolling_w10,static,3,43-49,cluster,0.13288853698499253,0.09174821425775648,0.2873899292217327,True,0.09688902076018223,0.18427255435245932,True
rolling_w10,static,3,35-49,cluster,0.009008752303135359,-0.027956728245777995,0.10593189157578722,False,-0.0032308774201735,0.020839620126980624,False
recency_exp_hl6,static,3,35-42,cluster,-0.0036360102779523507,-0.02308139824879037,0.018589381076055886,False,-0.0120353602015012,0.0051286247585619225,False
recency_exp_hl6,static,3,43-49,cluster,0.08377285446745135,0.05777961817442624,0.20022207420167085,True,0.0555173595001281,0.131478730071699,True
recency_exp_hl6,static,3,35-49,cluster,0.02816486294446041,0.002557779922169834,0.08190377288429555,True,0.017978440073108004,0.03855914623535553,True
monitor_triggered,static,3,35-42,cluster,-0.0034384657580233124,-0.00965089926845819,0.01298882518957211,False,-0.0067773077073134125,9.422139728823645e-05,False
monitor_triggered,static,3,43-49,cluster,0.0839183638895308,0.05223107794514716,0.3588620550613641,True,0.05744819798183863,0.12828155258590893,True
monitor_triggered,static,3,35-49,cluster,0.03275183966143136,0.008482193765467688,0.08363060440267735,True,0.02530208379880273,0.04010348014640571,True
expanding_no_triad,static,3,35-42,cluster,-0.001707531804049367,-0.013109696935824814,0.023655514143570255,False,-0.008487030275685942,0.005102354844786302,False
expanding_no_triad,static,3,43-49,cluster,0.1250507368375379,0.0812397442913724,0.3922501451892258,True,0.0899482471463061,0.17847532894992507,True
expanding_no_triad,static,3,35-49,cluster,0.04865079491335855,0.012869360900309665,0.12970036032698626,True,0.03769681125332672,0.05909941581034671,True
static,expanding,3,35-42,cluster,0.003525788585836964,-0.020824727921709453,0.014540271612516292,False,-0.003511556239266106,0.010523485986416814,False
static,expanding,3,43-49,cluster,-0.1107204254076023,-0.43219804804705125,-0.08418961439500738,True,-0.1605781591491691,-0.0785982014891689,True
static,expanding,3,35-49,cluster,-0.04278712588385736,-0.1190503742288033,-0.009556587234433304,True,-0.052571880581159816,-0.03208513059693984,True
rolling_w5,expanding,3,35-42,cluster,-0.017802555145470578,-0.05407832964087807,0.00753990000292276,False,-0.028523517037424284,-0.0065518923423642204,True
rolling_w5,expanding,3,43-49,cluster,-0.03949164741349469,-0.24199350347151688,0.024440546526909728,False,-0.0673640012261138,-0.012279708247608927,True
rolling_w5,expanding,3,35-49,cluster,-0.036301397986454154,-0.09691630187830255,0.005135929268942098,False,-0.047294818808738814,-0.025078788568741316,True
rolling_w10,expanding,3,35-42,cluster,-0.023569779288490467,-0.04189877969653544,-0.00037660500302523535,True,-0.030626200273414294,-0.01667708151096816,True
rolling_w10,expanding,3,43-49,cluster,0.022168111577390237,-0.21562439281586826,0.1053514733993124,False,-0.007975491559337047,0.051021249583090234,False
rolling_w10,expanding,3,35-49,cluster,-0.033778373580722,-0.06366951880726145,0.008975190628036976,False,-0.04306985888341696,-0.024900875443749724,True
recency_exp_hl6,expanding,3,35-42,cluster,-0.00011022169211538646,-0.01880873568797828,0.014192764625334364,False,-0.006191707563809881,0.006922702655545047,False
recency_exp_hl6,expanding,3,43-49,cluster,-0.026947570940150947,-0.2795709832511692,0.04300153212915974,False,-0.05408610607072135,-0.002484098975599362,True
recency_exp_hl6,expanding,3,35-49,cluster,-0.014622262939396946,-0.06212893695848806,0.008808593919237533,False,-0.022534900716246066,-0.006154224448637855,True
monitor_triggered,expanding,3,35-42,cluster,8.732282781365175e-05,-0.01567864345657576,0.009901002997366884,False,-0.005525384074572434,0.005686497546489438,False
monitor_triggered,expanding,3,43-49,cluster,-0.02680206151807149,-0.17115864759489907,0.026601357735137054,False,-0.04857465890533673,-0.008706552359752486,True
monitor_triggered,expanding,3,35-49,cluster,-0.010035286222425999,-0.05025341456982572,0.005495577240547136,False,-0.0168369045910723,-0.003285109940831155,True
expanding_no_triad,expanding,3,35-42,cluster,0.0018182567817875972,-0.0010109599278680965,0.0056240167126162775,False,-9.116428611596889e-05,0.003711276566373256,False
expanding_no_triad,expanding,3,43-49,cluster,0.0143303114299356,-0.09649651403792323,0.06647422865870177,False,-0.0031555690841258924,0.03275676332834845,False
expanding_no_triad,expanding,3,35-49,cluster,0.005863669029501195,-0.010081881126789146,0.02016390797135376,False,0.0025027468640254655,0.009119805479781484,True
