strategy,lag,sustained_recovery_step,steps_after_onset,status,pr_auc_by_eligible_step,noise_steps_excluded
static,1,,,not reached,"43:0.04, 44:0.04, 47:0.05, 48:0.20, 49:0.27","45 (n+=5), 46 (n+=2)"
expanding,1,47.0,4.0,step 47 (+4),"43:0.34, 44:0.38, 47:0.60, 48:0.89, 49:0.99","45 (n+=5), 46 (n+=2)"
rolling_w5,1,47.0,4.0,step 47 (+4),"43:0.39, 44:0.34, 47:0.56, 48:0.52, 49:0.87","45 (n+=5), 46 (n+=2)"
rolling_w10,1,47.0,4.0,step 47 (+4),"43:0.35, 44:0.35, 47:0.60, 48:0.84, 49:1.00","45 (n+=5), 46 (n+=2)"
recency_exp_hl6,1,47.0,4.0,step 47 (+4),"43:0.40, 44:0.41, 47:0.65, 48:0.91, 49:0.99","45 (n+=5), 46 (n+=2)"
monitor_triggered,1,,,not reached,"43:0.34, 44:0.38, 47:0.36, 48:0.89, 49:0.99","45 (n+=5), 46 (n+=2)"
expanding_no_triad,1,47.0,4.0,step 47 (+4),"43:0.28, 44:0.37, 47:0.64, 48:0.89, 49:1.00","45 (n+=5), 46 (n+=2)"
static,3,,,not reached,"43:0.03, 44:0.02, 47:0.03, 48:0.12, 49:0.16","45 (n+=5), 46 (n+=2)"
expanding,3,,,not reached,"43:0.16, 44:0.10, 47:0.41, 48:0.67, 49:0.92","45 (n+=5), 46 (n+=2)"
rolling_w5,3,,,not reached,"43:0.25, 44:0.14, 47:0.31, 48:0.61, 49:0.80","45 (n+=5), 46 (n+=2)"
rolling_w10,3,47.0,4.0,step 47 (+4),"43:0.26, 44:0.16, 47:0.53, 48:0.71, 49:0.94","45 (n+=5), 46 (n+=2)"
recency_exp_hl6,3,,,not reached,"43:0.26, 44:0.13, 47:0.28, 48:0.55, 49:0.91","45 (n+=5), 46 (n+=2)"
monitor_triggered,3,,,not reached,"43:0.16, 44:0.08, 47:0.42, 48:0.62, 49:0.65","45 (n+=5), 46 (n+=2)"
expanding_no_triad,3,,,not reached,"43:0.18, 44:0.10, 47:0.45, 48:0.65, 49:0.96","45 (n+=5), 46 (n+=2)"
static,2,,,not reached,"43:0.04, 44:0.04, 47:0.06, 48:0.22, 49:0.25","45 (n+=5), 46 (n+=2)"
expanding,2,,,not reached,"43:0.15, 44:0.24, 47:0.48, 48:0.72, 49:0.98","45 (n+=5), 46 (n+=2)"
static,5,,,not reached,"43:0.04, 44:0.03, 47:0.05, 48:0.21, 49:0.22","45 (n+=5), 46 (n+=2)"
expanding,5,,,not reached,"43:0.08, 44:0.08, 47:0.42, 48:0.58, 49:0.85","45 (n+=5), 46 (n+=2)"
