strategy,lag,window,threshold_min,threshold_max,threshold_range,threshold_std,distinct_thresholds,flag_rate_min,flag_rate_max,steps_zero_alerts,steps_over_10pct_flagged,thresholds_by_step,flag_rate_by_step
static,1,35-42,0.715,0.715,0.0,0.0,1,0.027517564402810304,0.13795674869500374,0,3,"35:0.715, 36:0.715, 37:0.715, 38:0.715, 39:0.715, 40:0.715, 41:0.715, 42:0.715","35:0.138, 36:0.028, 37:0.054, 38:0.136, 39:0.075, 40:0.072, 41:0.103, 42:0.099"
static,1,43-49,0.715,0.715,0.0,0.0,1,0.001182033096926714,0.02702702702702703,0,0,"43:0.715, 44:0.715, 45:0.715, 46:0.715, 47:0.715, 48:0.715, 49:0.715","43:0.004, 44:0.027, 45:0.013, 46:0.027, 47:0.001, 48:0.002, 49:0.011"
expanding,1,35-42,0.285,0.94,0.655,0.22526373432046268,8,0.019320843091334895,0.13795674869500374,0,3,"35:0.715, 36:0.875, 37:0.940, 38:0.555, 39:0.310, 40:0.285, 41:0.670, 42:0.750","35:0.138, 36:0.019, 37:0.044, 38:0.132, 39:0.072, 40:0.071, 41:0.104, 42:0.088"
expanding,1,43-49,0.075,0.81,0.7350000000000001,0.23716221951935543,5,0.0,0.15336134453781514,1,1,"43:0.810, 44:0.620, 45:0.360, 46:0.360, 47:0.360, 48:0.140, 49:0.075","43:0.000, 44:0.005, 45:0.001, 46:0.001, 47:0.006, 48:0.070, 49:0.153"
rolling_w5,1,35-42,0.44,0.87,0.43,0.12608126099861153,8,0.01873536299765808,0.13870246085011187,0,3,"35:0.510, 36:0.630, 37:0.870, 38:0.660, 39:0.605, 40:0.440, 41:0.765, 42:0.645","35:0.139, 36:0.019, 37:0.048, 38:0.123, 39:0.060, 40:0.109, 41:0.096, 42:0.091"
rolling_w5,1,43-49,0.085,0.77,0.685,0.21535447759544762,7,0.00072992700729927,0.35714285714285715,0,2,"43:0.770, 44:0.450, 45:0.220, 46:0.295, 47:0.085, 48:0.135, 49:0.405","43:0.001, 44:0.006, 45:0.006, 46:0.001, 47:0.028, 48:0.123, 49:0.357"
rolling_w10,1,35-42,0.42,0.825,0.40499999999999997,0.12640306315513083,8,0.01990632318501171,0.1424310216256525,0,3,"35:0.445, 36:0.575, 37:0.825, 38:0.640, 39:0.490, 40:0.465, 41:0.420, 42:0.625","35:0.142, 36:0.020, 37:0.050, 38:0.124, 39:0.061, 40:0.071, 41:0.113, 42:0.092"
rolling_w10,1,43-49,0.045,0.835,0.7899999999999999,0.2600824045237531,7,0.0,0.13445378151260504,1,1,"43:0.835, 44:0.650, 45:0.365, 46:0.450, 47:0.355, 48:0.100, 49:0.045","43:0.000, 44:0.006, 45:0.002, 46:0.003, 47:0.011, 48:0.072, 49:0.134"
recency_exp_hl6,1,35-42,0.1,0.835,0.735,0.19920153111861363,8,0.019320843091334895,0.14690529455630127,0,4,"35:0.270, 36:0.540, 37:0.835, 38:0.380, 39:0.100, 40:0.490, 41:0.420, 42:0.405","35:0.147, 36:0.019, 37:0.048, 38:0.132, 39:0.083, 40:0.065, 41:0.110, 42:0.104"
recency_exp_hl6,1,43-49,0.01,0.715,0.705,0.23396319263979126,7,0.00072992700729927,0.15126050420168066,0,1,"43:0.715, 44:0.495, 45:0.280, 46:0.115, 47:0.240, 48:0.065, 49:0.010","43:0.001, 44:0.005, 45:0.006, 46:0.003, 47:0.011, 48:0.087, 49:0.151"
monitor_triggered,1,35-42,0.715,0.94,0.22499999999999998,0.09742785792574933,2,0.027517564402810304,0.13795674869500374,0,2,"35:0.715, 36:0.715, 37:0.940, 38:0.940, 39:0.940, 40:0.940, 41:0.940, 42:0.940","35:0.138, 36:0.028, 37:0.044, 38:0.118, 39:0.053, 40:0.047, 41:0.081, 42:0.077"
monitor_triggered,1,43-49,0.075,0.81,0.7350000000000001,0.2574383223141387,4,0.0,0.15336134453781514,1,1,"43:0.810, 44:0.620, 45:0.620, 46:0.620, 47:0.620, 48:0.140, 49:0.075","43:0.000, 44:0.005, 45:0.002, 46:0.003, 47:0.007, 48:0.070, 49:0.153"
expanding_no_triad,1,35-42,0.31,0.96,0.6499999999999999,0.21628612415039478,8,0.019320843091334895,0.15212527964205816,0,3,"35:0.340, 36:0.795, 37:0.960, 38:0.590, 39:0.310, 40:0.405, 41:0.650, 42:0.720","35:0.152, 36:0.019, 37:0.046, 38:0.132, 39:0.069, 40:0.068, 41:0.106, 42:0.091"
expanding_no_triad,1,43-49,0.05,0.85,0.7999999999999999,0.2767412406666456,7,0.0,0.14285714285714285,1,1,"43:0.850, 44:0.620, 45:0.185, 46:0.175, 47:0.205, 48:0.120, 49:0.050","43:0.000, 44:0.004, 45:0.004, 46:0.003, 47:0.015, 48:0.081, 49:0.143"
static,3,35-42,0.71,0.71,0.0,0.0,1,0.038056206088992975,0.1402116402116402,0,3,"35:0.710, 36:0.710, 37:0.710, 38:0.710, 39:0.710, 40:0.710, 41:0.710, 42:0.710","35:0.140, 36:0.038, 37:0.056, 38:0.140, 39:0.089, 40:0.088, 41:0.102, 42:0.095"
static,3,43-49,0.71,0.71,0.0,0.0,1,0.0021231422505307855,0.049654305468258955,0,0,"43:0.710, 44:0.710, 45:0.710, 46:0.710, 47:0.710, 48:0.710, 49:0.710","43:0.013, 44:0.050, 45:0.028, 46:0.029, 47:0.002, 48:0.002, 49:0.021"
expanding,3,35-42,0.285,0.94,0.655,0.22399428006089797,8,0.024004683840749413,0.1401938851603281,0,4,"35:0.710, 36:0.700, 37:0.715, 38:0.875, 39:0.940, 40:0.555, 41:0.310, 42:0.285","35:0.140, 36:0.024, 37:0.054, 38:0.128, 39:0.053, 40:0.063, 41:0.110, 42:0.104"
expanding,3,43-49,0.36,0.81,0.45000000000000007,0.1829464067837957,5,0.000819000819000819,0.01182033096926714,0,0,"43:0.670, 44:0.750, 45:0.810, 46:0.620, 47:0.360, 48:0.360, 49:0.360","43:0.003, 44:0.003, 45:0.001, 46:0.003, 47:0.012, 48:0.002, 49:0.008"
rolling_w5,3,35-42,0.095,0.87,0.775,0.2154754916458018,8,0.01756440281030445,0.16554809843400448,0,3,"35:0.095, 36:0.720, 37:0.510, 38:0.630, 39:0.870, 40:0.660, 41:0.605, 42:0.440","35:0.166, 36:0.018, 37:0.056, 38:0.102, 39:0.040, 40:0.049, 41:0.099, 42:0.123"
rolling_w5,3,43-49,0.085,0.77,0.685,0.2532321674121297,7,0.000819000819000819,0.02009456264775414,0,0,"43:0.765, 44:0.645, 45:0.770, 46:0.450, 47:0.220, 48:0.295, 49:0.085","43:0.004, 44:0.006, 45:0.001, 46:0.004, 47:0.020, 48:0.004, 49:0.019"
rolling_w10,3,35-42,0.445,0.825,0.37999999999999995,0.13777103968178508,7,0.01873536299765808,0.16256524981357195,0,2,"35:0.575, 36:0.810, 37:0.445, 38:0.575, 39:0.825, 40:0.640, 41:0.490, 42:0.465","35:0.163, 36:0.019, 37:0.058, 38:0.132, 39:0.044, 40:0.055, 41:0.096, 42:0.095"
rolling_w10,3,43-49,0.355,0.835,0.48,0.16595425974204642,7,0.0,0.01970802919708029,1,0,"43:0.420, 44:0.625, 45:0.835, 46:0.650, 47:0.365, 48:0.450, 49:0.355","43:0.020, 44:0.007, 45:0.002, 46:0.006, 47:0.014, 48:0.000, 49:0.006"
recency_exp_hl6,3,35-42,0.1,0.835,0.735,0.243033401768152,8,0.024004683840749413,0.1342281879194631,0,3,"35:0.795, 36:0.715, 37:0.270, 38:0.540, 39:0.835, 40:0.380, 41:0.100, 42:0.490","35:0.134, 36:0.024, 37:0.064, 38:0.134, 39:0.054, 40:0.059, 41:0.132, 42:0.090"
recency_exp_hl6,3,43-49,0.115,0.715,0.6,0.1802719034782555,7,0.001638001638001638,0.021167883211678833,0,0,"43:0.420, 44:0.405, 45:0.715, 46:0.495, 47:0.280, 48:0.115, 49:0.240","43:0.021, 44:0.017, 45:0.002, 46:0.003, 47:0.017, 48:0.008, 49:0.006"
monitor_triggered,3,35-42,0.71,0.715,0.0050000000000000044,0.002165063509461099,2,0.038056206088992975,0.1401938851603281,0,3,"35:0.710, 36:0.710, 37:0.715, 38:0.715, 39:0.715, 40:0.715, 41:0.715, 42:0.715","35:0.140, 36:0.038, 37:0.054, 38:0.136, 39:0.075, 40:0.072, 41:0.103, 42:0.099"
monitor_triggered,3,43-49,0.67,0.81,0.14,0.0632455532033676,2,0.0,0.011942174732872407,1,0,"43:0.670, 44:0.670, 45:0.810, 46:0.810, 47:0.810, 48:0.810, 49:0.810","43:0.003, 44:0.012, 45:0.001, 46:0.001, 47:0.002, 48:0.000, 49:0.002"
expanding_no_triad,3,35-42,0.31,0.96,0.6499999999999999,0.22319764223665087,8,0.020491803278688523,0.15510812826249068,0,3,"35:0.750, 36:0.740, 37:0.340, 38:0.795, 39:0.960, 40:0.590, 41:0.310, 42:0.405","35:0.155, 36:0.020, 37:0.072, 38:0.132, 39:0.052, 40:0.061, 41:0.117, 42:0.098"
expanding_no_triad,3,43-49,0.175,0.85,0.675,0.26682945711385286,7,0.000819000819000819,0.037815126050420166,0,0,"43:0.650, 44:0.720, 45:0.850, 46:0.620, 47:0.185, 48:0.175, 49:0.205","43:0.004, 44:0.004, 45:0.001, 46:0.001, 47:0.018, 48:0.028, 49:0.038"
static,2,35-42,0.7,0.7,0.0,1.1102230246251565e-16,1,0.024004683840749413,0.13870246085011187,0,3,"35:0.700, 36:0.700, 37:0.700, 38:0.700, 39:0.700, 40:0.700, 41:0.700, 42:0.700","35:0.139, 36:0.024, 37:0.052, 38:0.135, 39:0.069, 40:0.073, 41:0.101, 42:0.098"
static,2,43-49,0.7,0.7,0.0,1.1102230246251565e-16,1,0.002364066193853428,0.02247191011235955,0,0,"43:0.700, 44:0.700, 45:0.700, 46:0.700, 47:0.700, 48:0.700, 49:0.700","43:0.003, 44:0.021, 45:0.010, 46:0.022, 47:0.002, 48:0.004, 49:0.011"
expanding,2,35-42,0.285,0.94,0.655,0.22273512857203281,8,0.027517564402810304,0.13870246085011187,0,4,"35:0.700, 36:0.715, 37:0.875, 38:0.940, 39:0.555, 40:0.310, 41:0.285, 42:0.670","35:0.139, 36:0.028, 37:0.052, 38:0.118, 39:0.060, 40:0.084, 41:0.106, 42:0.100"
expanding,2,43-49,0.14,0.81,0.67,0.22676968447285534,5,0.0,0.06512605042016807,1,0,"43:0.750, 44:0.810, 45:0.620, 46:0.360, 47:0.360, 48:0.360, 49:0.140","43:0.000, 44:0.003, 45:0.002, 46:0.001, 47:0.007, 48:0.004, 49:0.065"
static,5,35-42,0.425,0.425,0.0,5.551115123125783e-17,1,0.036885245901639344,0.14682539682539683,0,4,"35:0.425, 36:0.425, 37:0.425, 38:0.425, 39:0.425, 40:0.425, 41:0.425, 42:0.425","35:0.143, 36:0.037, 37:0.056, 38:0.147, 39:0.085, 40:0.080, 41:0.111, 42:0.108"
static,5,43-49,0.425,0.425,0.0,5.551115123125783e-17,1,0.008274231678486997,0.03834066624764299,0,0,"43:0.425, 44:0.425, 45:0.425, 46:0.425, 47:0.425, 48:0.425, 49:0.425","43:0.010, 44:0.038, 45:0.023, 46:0.028, 47:0.008, 48:0.013, 49:0.036"
expanding,5,35-42,0.425,0.94,0.5149999999999999,0.1631034468519902,8,0.0234192037470726,0.14317673378076062,0,2,"35:0.425, 36:0.525, 37:0.710, 38:0.700, 39:0.715, 40:0.875, 41:0.940, 42:0.555","35:0.143, 36:0.023, 37:0.056, 38:0.135, 39:0.075, 40:0.058, 41:0.081, 42:0.091"
expanding,5,43-49,0.285,0.81,0.5250000000000001,0.20372800995645235,7,0.0,0.015328467153284672,1,0,"43:0.310, 44:0.285, 45:0.670, 46:0.750, 47:0.810, 48:0.620, 49:0.360","43:0.015, 44:0.014, 45:0.009, 46:0.003, 47:0.002, 48:0.000, 49:0.006"
